[2026-03-25 16:46:09] local.ERROR: SQLSTATE[HY000]: General error: 1 table tours has no column named itinerary (Connection: sqlite, SQL: insert into "tours" ("title", "slug", "overview", "itinerary", "includes", "excludes", "faq", "transportation", "accommodation", "departure", "altitude", "best_season", "tour_type", "group_size", "min_age", "max_age", "price_adult", "price_child", "duration_days", "updated_at", "created_at") values (Marrakech Desert Tour, marrakech-desert-tour, Explore the vibrant city of Marrakech and venture into the Sahara Desert., Day 1: Explore Marrakech Medina\nDay 2: Travel to Merzouga Desert\n..., Guide, transportation, camel ride, Flights to Marrakech, personal expenses, What is the best time to visit the desert?\n..., Private vehicle, Riads in Marrakech, desert camp, Marrakech, 1,400 meters, Spring and Autumn, Adventure, 5-15, 10, ?, 500, 300, 4, 2026-03-25 16:46:09, 2026-03-25 16:46:09)) {"exception":"[object] (Illuminate\\Database\\QueryException(code: HY000): SQLSTATE[HY000]: General error: 1 table tours has no column named itinerary (Connection: sqlite, SQL: insert into \"tours\" (\"title\", \"slug\", \"overview\", \"itinerary\", \"includes\", \"excludes\", \"faq\", \"transportation\", \"accommodation\", \"departure\", \"altitude\", \"best_season\", \"tour_type\", \"group_size\", \"min_age\", \"max_age\", \"price_adult\", \"price_child\", \"duration_days\", \"updated_at\", \"created_at\") values (Marrakech Desert Tour, marrakech-desert-tour, Explore the vibrant city of Marrakech and venture into the Sahara Desert., Day 1: Explore Marrakech Medina\\nDay 2: Travel to Merzouga Desert\\n..., Guide, transportation, camel ride, Flights to Marrakech, personal expenses, What is the best time to visit the desert?\\n..., Private vehicle, Riads in Marrakech, desert camp, Marrakech, 1,400 meters, Spring and Autumn, Adventure, 5-15, 10, ?, 500, 300, 4, 2026-03-25 16:46:09, 2026-03-25 16:46:09)) at C:\\Users\\ASUS\\Desktop\\Projects\\public_html\\vendor\\laravel\\framework\\src\\Illuminate\\Database\\Connection.php:822)
[stacktrace]
#0 C:\\Users\\ASUS\\Desktop\\Projects\\public_html\\vendor\\laravel\\framework\\src\\Illuminate\\Database\\Connection.php(776): Illuminate\\Database\\Connection->runQueryCallback('insert into \"to...', Array, Object(Closure))
#1 C:\\Users\\ASUS\\Desktop\\Projects\\public_html\\vendor\\laravel\\framework\\src\\Illuminate\\Database\\Connection.php(557): Illuminate\\Database\\Connection->run('insert into \"to...', Array, Object(Closure))
#2 C:\\Users\\ASUS\\Desktop\\Projects\\public_html\\vendor\\laravel\\framework\\src\\Illuminate\\Database\\Connection.php(521): Illuminate\\Database\\Connection->statement('insert into \"to...', Array)
#3 C:\\Users\\ASUS\\Desktop\\Projects\\public_html\\vendor\\laravel\\framework\\src\\Illuminate\\Database\\Query\\Processors\\Processor.php(32): Illuminate\\Database\\Connection->insert('insert into \"to...', Array)
#4 C:\\Users\\ASUS\\Desktop\\Projects\\public_html\\vendor\\laravel\\framework\\src\\Illuminate\\Database\\Query\\Builder.php(3785): Illuminate\\Database\\Query\\Processors\\Processor->processInsertGetId(Object(Illuminate\\Database\\Query\\Builder), 'insert into \"to...', Array, 'id')
#5 C:\\Users\\ASUS\\Desktop\\Projects\\public_html\\vendor\\laravel\\framework\\src\\Illuminate\\Database\\Eloquent\\Builder.php(2204): Illuminate\\Database\\Query\\Builder->insertGetId(Array, 'id')
#6 C:\\Users\\ASUS\\Desktop\\Projects\\public_html\\vendor\\laravel\\framework\\src\\Illuminate\\Database\\Eloquent\\Model.php(1408): Illuminate\\Database\\Eloquent\\Builder->__call('insertGetId', Array)
#7 C:\\Users\\ASUS\\Desktop\\Projects\\public_html\\vendor\\laravel\\framework\\src\\Illuminate\\Database\\Eloquent\\Model.php(1373): Illuminate\\Database\\Eloquent\\Model->insertAndSetId(Object(Illuminate\\Database\\Eloquent\\Builder), Array)
#8 C:\\Users\\ASUS\\Desktop\\Projects\\public_html\\vendor\\laravel\\framework\\src\\Illuminate\\Database\\Eloquent\\Model.php(1212): Illuminate\\Database\\Eloquent\\Model->performInsert(Object(Illuminate\\Database\\Eloquent\\Builder))
#9 C:\\Users\\ASUS\\Desktop\\Projects\\public_html\\vendor\\laravel\\framework\\src\\Illuminate\\Database\\Eloquent\\Builder.php(1188): Illuminate\\Database\\Eloquent\\Model->save()
#10 C:\\Users\\ASUS\\Desktop\\Projects\\public_html\\vendor\\laravel\\framework\\src\\Illuminate\\Support\\helpers.php(399): Illuminate\\Database\\Eloquent\\Builder->Illuminate\\Database\\Eloquent\\{closure}(Object(App\\Models\\Tour))
#11 C:\\Users\\ASUS\\Desktop\\Projects\\public_html\\vendor\\laravel\\framework\\src\\Illuminate\\Database\\Eloquent\\Builder.php(1187): tap(Object(App\\Models\\Tour), Object(Closure))
#12 C:\\Users\\ASUS\\Desktop\\Projects\\public_html\\vendor\\laravel\\framework\\src\\Illuminate\\Support\\Traits\\ForwardsCalls.php(23): Illuminate\\Database\\Eloquent\\Builder->create(Array)
#13 C:\\Users\\ASUS\\Desktop\\Projects\\public_html\\vendor\\laravel\\framework\\src\\Illuminate\\Database\\Eloquent\\Model.php(2449): Illuminate\\Database\\Eloquent\\Model->forwardCallTo(Object(Illuminate\\Database\\Eloquent\\Builder), 'create', Array)
#14 C:\\Users\\ASUS\\Desktop\\Projects\\public_html\\vendor\\laravel\\framework\\src\\Illuminate\\Database\\Eloquent\\Model.php(2465): Illuminate\\Database\\Eloquent\\Model->__call('create', Array)
#15 C:\\Users\\ASUS\\Desktop\\Projects\\public_html\\database\\seeders\\TourSeeder.php(62): Illuminate\\Database\\Eloquent\\Model::__callStatic('create', Array)
#16 C:\\Users\\ASUS\\Desktop\\Projects\\public_html\\vendor\\laravel\\framework\\src\\Illuminate\\Container\\BoundMethod.php(36): Database\\Seeders\\TourSeeder->run()
#17 C:\\Users\\ASUS\\Desktop\\Projects\\public_html\\vendor\\laravel\\framework\\src\\Illuminate\\Container\\Util.php(43): Illuminate\\Container\\BoundMethod::Illuminate\\Container\\{closure}()
#18 C:\\Users\\ASUS\\Desktop\\Projects\\public_html\\vendor\\laravel\\framework\\src\\Illuminate\\Container\\BoundMethod.php(96): Illuminate\\Container\\Util::unwrapIfClosure(Object(Closure))
#19 C:\\Users\\ASUS\\Desktop\\Projects\\public_html\\vendor\\laravel\\framework\\src\\Illuminate\\Container\\BoundMethod.php(35): Illuminate\\Container\\BoundMethod::callBoundMethod(Object(Illuminate\\Foundation\\Application), Array, Object(Closure))
#20 C:\\Users\\ASUS\\Desktop\\Projects\\public_html\\vendor\\laravel\\framework\\src\\Illuminate\\Container\\Container.php(754): Illuminate\\Container\\BoundMethod::call(Object(Illuminate\\Foundation\\Application), Array, Array, NULL)
#21 C:\\Users\\ASUS\\Desktop\\Projects\\public_html\\vendor\\laravel\\framework\\src\\Illuminate\\Database\\Seeder.php(188): Illuminate\\Container\\Container->call(Array, Array)
#22 C:\\Users\\ASUS\\Desktop\\Projects\\public_html\\vendor\\laravel\\framework\\src\\Illuminate\\Database\\Seeder.php(197): Illuminate\\Database\\Seeder->Illuminate\\Database\\{closure}()
#23 C:\\Users\\ASUS\\Desktop\\Projects\\public_html\\vendor\\laravel\\framework\\src\\Illuminate\\Database\\Seeder.php(61): Illuminate\\Database\\Seeder->__invoke(Array)
#24 C:\\Users\\ASUS\\Desktop\\Projects\\public_html\\database\\seeders\\DatabaseSeeder.php(12): Illuminate\\Database\\Seeder->call('Database\\\\Seeder...')
#25 C:\\Users\\ASUS\\Desktop\\Projects\\public_html\\vendor\\laravel\\framework\\src\\Illuminate\\Container\\BoundMethod.php(36): Database\\Seeders\\DatabaseSeeder->run()
#26 C:\\Users\\ASUS\\Desktop\\Projects\\public_html\\vendor\\laravel\\framework\\src\\Illuminate\\Container\\Util.php(43): Illuminate\\Container\\BoundMethod::Illuminate\\Container\\{closure}()
#27 C:\\Users\\ASUS\\Desktop\\Projects\\public_html\\vendor\\laravel\\framework\\src\\Illuminate\\Container\\BoundMethod.php(96): Illuminate\\Container\\Util::unwrapIfClosure(Object(Closure))
#28 C:\\Users\\ASUS\\Desktop\\Projects\\public_html\\vendor\\laravel\\framework\\src\\Illuminate\\Container\\BoundMethod.php(35): Illuminate\\Container\\BoundMethod::callBoundMethod(Object(Illuminate\\Foundation\\Application), Array, Object(Closure))
#29 C:\\Users\\ASUS\\Desktop\\Projects\\public_html\\vendor\\laravel\\framework\\src\\Illuminate\\Container\\Container.php(754): Illuminate\\Container\\BoundMethod::call(Object(Illuminate\\Foundation\\Application), Array, Array, NULL)
#30 C:\\Users\\ASUS\\Desktop\\Projects\\public_html\\vendor\\laravel\\framework\\src\\Illuminate\\Database\\Seeder.php(188): Illuminate\\Container\\Container->call(Array, Array)
#31 C:\\Users\\ASUS\\Desktop\\Projects\\public_html\\vendor\\laravel\\framework\\src\\Illuminate\\Database\\Seeder.php(197): Illuminate\\Database\\Seeder->Illuminate\\Database\\{closure}()
#32 C:\\Users\\ASUS\\Desktop\\Projects\\public_html\\vendor\\laravel\\framework\\src\\Illuminate\\Database\\Console\\Seeds\\SeedCommand.php(71): Illuminate\\Database\\Seeder->__invoke()
#33 C:\\Users\\ASUS\\Desktop\\Projects\\public_html\\vendor\\laravel\\framework\\src\\Illuminate\\Database\\Eloquent\\Concerns\\GuardsAttributes.php(155): Illuminate\\Database\\Console\\Seeds\\SeedCommand->Illuminate\\Database\\Console\\Seeds\\{closure}()
#34 C:\\Users\\ASUS\\Desktop\\Projects\\public_html\\vendor\\laravel\\framework\\src\\Illuminate\\Database\\Console\\Seeds\\SeedCommand.php(70): Illuminate\\Database\\Eloquent\\Model::unguarded(Object(Closure))
#35 C:\\Users\\ASUS\\Desktop\\Projects\\public_html\\vendor\\laravel\\framework\\src\\Illuminate\\Container\\BoundMethod.php(36): Illuminate\\Database\\Console\\Seeds\\SeedCommand->handle()
#36 C:\\Users\\ASUS\\Desktop\\Projects\\public_html\\vendor\\laravel\\framework\\src\\Illuminate\\Container\\Util.php(43): Illuminate\\Container\\BoundMethod::Illuminate\\Container\\{closure}()
#37 C:\\Users\\ASUS\\Desktop\\Projects\\public_html\\vendor\\laravel\\framework\\src\\Illuminate\\Container\\BoundMethod.php(96): Illuminate\\Container\\Util::unwrapIfClosure(Object(Closure))
#38 C:\\Users\\ASUS\\Desktop\\Projects\\public_html\\vendor\\laravel\\framework\\src\\Illuminate\\Container\\BoundMethod.php(35): Illuminate\\Container\\BoundMethod::callBoundMethod(Object(Illuminate\\Foundation\\Application), Array, Object(Closure))
#39 C:\\Users\\ASUS\\Desktop\\Projects\\public_html\\vendor\\laravel\\framework\\src\\Illuminate\\Container\\Container.php(754): Illuminate\\Container\\BoundMethod::call(Object(Illuminate\\Foundation\\Application), Array, Array, NULL)
#40 C:\\Users\\ASUS\\Desktop\\Projects\\public_html\\vendor\\laravel\\framework\\src\\Illuminate\\Console\\Command.php(211): Illuminate\\Container\\Container->call(Array)
#41 C:\\Users\\ASUS\\Desktop\\Projects\\public_html\\vendor\\symfony\\console\\Command\\Command.php(279): Illuminate\\Console\\Command->execute(Object(Symfony\\Component\\Console\\Input\\ArgvInput), Object(Illuminate\\Console\\OutputStyle))
#42 C:\\Users\\ASUS\\Desktop\\Projects\\public_html\\vendor\\laravel\\framework\\src\\Illuminate\\Console\\Command.php(180): Symfony\\Component\\Console\\Command\\Command->run(Object(Symfony\\Component\\Console\\Input\\ArgvInput), Object(Illuminate\\Console\\OutputStyle))
#43 C:\\Users\\ASUS\\Desktop\\Projects\\public_html\\vendor\\symfony\\console\\Application.php(1094): Illuminate\\Console\\Command->run(Object(Symfony\\Component\\Console\\Input\\ArgvInput), Object(Symfony\\Component\\Console\\Output\\ConsoleOutput))
#44 C:\\Users\\ASUS\\Desktop\\Projects\\public_html\\vendor\\symfony\\console\\Application.php(342): Symfony\\Component\\Console\\Application->doRunCommand(Object(Illuminate\\Database\\Console\\Seeds\\SeedCommand), Object(Symfony\\Component\\Console\\Input\\ArgvInput), Object(Symfony\\Component\\Console\\Output\\ConsoleOutput))
#45 C:\\Users\\ASUS\\Desktop\\Projects\\public_html\\vendor\\symfony\\console\\Application.php(193): Symfony\\Component\\Console\\Application->doRun(Object(Symfony\\Component\\Console\\Input\\ArgvInput), Object(Symfony\\Component\\Console\\Output\\ConsoleOutput))
#46 C:\\Users\\ASUS\\Desktop\\Projects\\public_html\\vendor\\laravel\\framework\\src\\Illuminate\\Foundation\\Console\\Kernel.php(197): Symfony\\Component\\Console\\Application->run(Object(Symfony\\Component\\Console\\Input\\ArgvInput), Object(Symfony\\Component\\Console\\Output\\ConsoleOutput))
#47 C:\\Users\\ASUS\\Desktop\\Projects\\public_html\\vendor\\laravel\\framework\\src\\Illuminate\\Foundation\\Application.php(1234): Illuminate\\Foundation\\Console\\Kernel->handle(Object(Symfony\\Component\\Console\\Input\\ArgvInput), Object(Symfony\\Component\\Console\\Output\\ConsoleOutput))
#48 C:\\Users\\ASUS\\Desktop\\Projects\\public_html\\artisan(16): Illuminate\\Foundation\\Application->handleCommand(Object(Symfony\\Component\\Console\\Input\\ArgvInput))
#49 {main}

[previous exception] [object] (PDOException(code: HY000): SQLSTATE[HY000]: General error: 1 table tours has no column named itinerary at C:\\Users\\ASUS\\Desktop\\Projects\\public_html\\vendor\\laravel\\framework\\src\\Illuminate\\Database\\Connection.php:562)
[stacktrace]
#0 C:\\Users\\ASUS\\Desktop\\Projects\\public_html\\vendor\\laravel\\framework\\src\\Illuminate\\Database\\Connection.php(562): PDO->prepare('insert into \"to...')
#1 C:\\Users\\ASUS\\Desktop\\Projects\\public_html\\vendor\\laravel\\framework\\src\\Illuminate\\Database\\Connection.php(809): Illuminate\\Database\\Connection->Illuminate\\Database\\{closure}('insert into \"to...', Array)
#2 C:\\Users\\ASUS\\Desktop\\Projects\\public_html\\vendor\\laravel\\framework\\src\\Illuminate\\Database\\Connection.php(776): Illuminate\\Database\\Connection->runQueryCallback('insert into \"to...', Array, Object(Closure))
#3 C:\\Users\\ASUS\\Desktop\\Projects\\public_html\\vendor\\laravel\\framework\\src\\Illuminate\\Database\\Connection.php(557): Illuminate\\Database\\Connection->run('insert into \"to...', Array, Object(Closure))
#4 C:\\Users\\ASUS\\Desktop\\Projects\\public_html\\vendor\\laravel\\framework\\src\\Illuminate\\Database\\Connection.php(521): Illuminate\\Database\\Connection->statement('insert into \"to...', Array)
#5 C:\\Users\\ASUS\\Desktop\\Projects\\public_html\\vendor\\laravel\\framework\\src\\Illuminate\\Database\\Query\\Processors\\Processor.php(32): Illuminate\\Database\\Connection->insert('insert into \"to...', Array)
#6 C:\\Users\\ASUS\\Desktop\\Projects\\public_html\\vendor\\laravel\\framework\\src\\Illuminate\\Database\\Query\\Builder.php(3785): Illuminate\\Database\\Query\\Processors\\Processor->processInsertGetId(Object(Illuminate\\Database\\Query\\Builder), 'insert into \"to...', Array, 'id')
#7 C:\\Users\\ASUS\\Desktop\\Projects\\public_html\\vendor\\laravel\\framework\\src\\Illuminate\\Database\\Eloquent\\Builder.php(2204): Illuminate\\Database\\Query\\Builder->insertGetId(Array, 'id')
#8 C:\\Users\\ASUS\\Desktop\\Projects\\public_html\\vendor\\laravel\\framework\\src\\Illuminate\\Database\\Eloquent\\Model.php(1408): Illuminate\\Database\\Eloquent\\Builder->__call('insertGetId', Array)
#9 C:\\Users\\ASUS\\Desktop\\Projects\\public_html\\vendor\\laravel\\framework\\src\\Illuminate\\Database\\Eloquent\\Model.php(1373): Illuminate\\Database\\Eloquent\\Model->insertAndSetId(Object(Illuminate\\Database\\Eloquent\\Builder), Array)
#10 C:\\Users\\ASUS\\Desktop\\Projects\\public_html\\vendor\\laravel\\framework\\src\\Illuminate\\Database\\Eloquent\\Model.php(1212): Illuminate\\Database\\Eloquent\\Model->performInsert(Object(Illuminate\\Database\\Eloquent\\Builder))
#11 C:\\Users\\ASUS\\Desktop\\Projects\\public_html\\vendor\\laravel\\framework\\src\\Illuminate\\Database\\Eloquent\\Builder.php(1188): Illuminate\\Database\\Eloquent\\Model->save()
#12 C:\\Users\\ASUS\\Desktop\\Projects\\public_html\\vendor\\laravel\\framework\\src\\Illuminate\\Support\\helpers.php(399): Illuminate\\Database\\Eloquent\\Builder->Illuminate\\Database\\Eloquent\\{closure}(Object(App\\Models\\Tour))
#13 C:\\Users\\ASUS\\Desktop\\Projects\\public_html\\vendor\\laravel\\framework\\src\\Illuminate\\Database\\Eloquent\\Builder.php(1187): tap(Object(App\\Models\\Tour), Object(Closure))
#14 C:\\Users\\ASUS\\Desktop\\Projects\\public_html\\vendor\\laravel\\framework\\src\\Illuminate\\Support\\Traits\\ForwardsCalls.php(23): Illuminate\\Database\\Eloquent\\Builder->create(Array)
#15 C:\\Users\\ASUS\\Desktop\\Projects\\public_html\\vendor\\laravel\\framework\\src\\Illuminate\\Database\\Eloquent\\Model.php(2449): Illuminate\\Database\\Eloquent\\Model->forwardCallTo(Object(Illuminate\\Database\\Eloquent\\Builder), 'create', Array)
#16 C:\\Users\\ASUS\\Desktop\\Projects\\public_html\\vendor\\laravel\\framework\\src\\Illuminate\\Database\\Eloquent\\Model.php(2465): Illuminate\\Database\\Eloquent\\Model->__call('create', Array)
#17 C:\\Users\\ASUS\\Desktop\\Projects\\public_html\\database\\seeders\\TourSeeder.php(62): Illuminate\\Database\\Eloquent\\Model::__callStatic('create', Array)
#18 C:\\Users\\ASUS\\Desktop\\Projects\\public_html\\vendor\\laravel\\framework\\src\\Illuminate\\Container\\BoundMethod.php(36): Database\\Seeders\\TourSeeder->run()
#19 C:\\Users\\ASUS\\Desktop\\Projects\\public_html\\vendor\\laravel\\framework\\src\\Illuminate\\Container\\Util.php(43): Illuminate\\Container\\BoundMethod::Illuminate\\Container\\{closure}()
#20 C:\\Users\\ASUS\\Desktop\\Projects\\public_html\\vendor\\laravel\\framework\\src\\Illuminate\\Container\\BoundMethod.php(96): Illuminate\\Container\\Util::unwrapIfClosure(Object(Closure))
#21 C:\\Users\\ASUS\\Desktop\\Projects\\public_html\\vendor\\laravel\\framework\\src\\Illuminate\\Container\\BoundMethod.php(35): Illuminate\\Container\\BoundMethod::callBoundMethod(Object(Illuminate\\Foundation\\Application), Array, Object(Closure))
#22 C:\\Users\\ASUS\\Desktop\\Projects\\public_html\\vendor\\laravel\\framework\\src\\Illuminate\\Container\\Container.php(754): Illuminate\\Container\\BoundMethod::call(Object(Illuminate\\Foundation\\Application), Array, Array, NULL)
#23 C:\\Users\\ASUS\\Desktop\\Projects\\public_html\\vendor\\laravel\\framework\\src\\Illuminate\\Database\\Seeder.php(188): Illuminate\\Container\\Container->call(Array, Array)
#24 C:\\Users\\ASUS\\Desktop\\Projects\\public_html\\vendor\\laravel\\framework\\src\\Illuminate\\Database\\Seeder.php(197): Illuminate\\Database\\Seeder->Illuminate\\Database\\{closure}()
#25 C:\\Users\\ASUS\\Desktop\\Projects\\public_html\\vendor\\laravel\\framework\\src\\Illuminate\\Database\\Seeder.php(61): Illuminate\\Database\\Seeder->__invoke(Array)
#26 C:\\Users\\ASUS\\Desktop\\Projects\\public_html\\database\\seeders\\DatabaseSeeder.php(12): Illuminate\\Database\\Seeder->call('Database\\\\Seeder...')
#27 C:\\Users\\ASUS\\Desktop\\Projects\\public_html\\vendor\\laravel\\framework\\src\\Illuminate\\Container\\BoundMethod.php(36): Database\\Seeders\\DatabaseSeeder->run()
#28 C:\\Users\\ASUS\\Desktop\\Projects\\public_html\\vendor\\laravel\\framework\\src\\Illuminate\\Container\\Util.php(43): Illuminate\\Container\\BoundMethod::Illuminate\\Container\\{closure}()
#29 C:\\Users\\ASUS\\Desktop\\Projects\\public_html\\vendor\\laravel\\framework\\src\\Illuminate\\Container\\BoundMethod.php(96): Illuminate\\Container\\Util::unwrapIfClosure(Object(Closure))
#30 C:\\Users\\ASUS\\Desktop\\Projects\\public_html\\vendor\\laravel\\framework\\src\\Illuminate\\Container\\BoundMethod.php(35): Illuminate\\Container\\BoundMethod::callBoundMethod(Object(Illuminate\\Foundation\\Application), Array, Object(Closure))
#31 C:\\Users\\ASUS\\Desktop\\Projects\\public_html\\vendor\\laravel\\framework\\src\\Illuminate\\Container\\Container.php(754): Illuminate\\Container\\BoundMethod::call(Object(Illuminate\\Foundation\\Application), Array, Array, NULL)
#32 C:\\Users\\ASUS\\Desktop\\Projects\\public_html\\vendor\\laravel\\framework\\src\\Illuminate\\Database\\Seeder.php(188): Illuminate\\Container\\Container->call(Array, Array)
#33 C:\\Users\\ASUS\\Desktop\\Projects\\public_html\\vendor\\laravel\\framework\\src\\Illuminate\\Database\\Seeder.php(197): Illuminate\\Database\\Seeder->Illuminate\\Database\\{closure}()
#34 C:\\Users\\ASUS\\Desktop\\Projects\\public_html\\vendor\\laravel\\framework\\src\\Illuminate\\Database\\Console\\Seeds\\SeedCommand.php(71): Illuminate\\Database\\Seeder->__invoke()
#35 C:\\Users\\ASUS\\Desktop\\Projects\\public_html\\vendor\\laravel\\framework\\src\\Illuminate\\Database\\Eloquent\\Concerns\\GuardsAttributes.php(155): Illuminate\\Database\\Console\\Seeds\\SeedCommand->Illuminate\\Database\\Console\\Seeds\\{closure}()
#36 C:\\Users\\ASUS\\Desktop\\Projects\\public_html\\vendor\\laravel\\framework\\src\\Illuminate\\Database\\Console\\Seeds\\SeedCommand.php(70): Illuminate\\Database\\Eloquent\\Model::unguarded(Object(Closure))
#37 C:\\Users\\ASUS\\Desktop\\Projects\\public_html\\vendor\\laravel\\framework\\src\\Illuminate\\Container\\BoundMethod.php(36): Illuminate\\Database\\Console\\Seeds\\SeedCommand->handle()
#38 C:\\Users\\ASUS\\Desktop\\Projects\\public_html\\vendor\\laravel\\framework\\src\\Illuminate\\Container\\Util.php(43): Illuminate\\Container\\BoundMethod::Illuminate\\Container\\{closure}()
#39 C:\\Users\\ASUS\\Desktop\\Projects\\public_html\\vendor\\laravel\\framework\\src\\Illuminate\\Container\\BoundMethod.php(96): Illuminate\\Container\\Util::unwrapIfClosure(Object(Closure))
#40 C:\\Users\\ASUS\\Desktop\\Projects\\public_html\\vendor\\laravel\\framework\\src\\Illuminate\\Container\\BoundMethod.php(35): Illuminate\\Container\\BoundMethod::callBoundMethod(Object(Illuminate\\Foundation\\Application), Array, Object(Closure))
#41 C:\\Users\\ASUS\\Desktop\\Projects\\public_html\\vendor\\laravel\\framework\\src\\Illuminate\\Container\\Container.php(754): Illuminate\\Container\\BoundMethod::call(Object(Illuminate\\Foundation\\Application), Array, Array, NULL)
#42 C:\\Users\\ASUS\\Desktop\\Projects\\public_html\\vendor\\laravel\\framework\\src\\Illuminate\\Console\\Command.php(211): Illuminate\\Container\\Container->call(Array)
#43 C:\\Users\\ASUS\\Desktop\\Projects\\public_html\\vendor\\symfony\\console\\Command\\Command.php(279): Illuminate\\Console\\Command->execute(Object(Symfony\\Component\\Console\\Input\\ArgvInput), Object(Illuminate\\Console\\OutputStyle))
#44 C:\\Users\\ASUS\\Desktop\\Projects\\public_html\\vendor\\laravel\\framework\\src\\Illuminate\\Console\\Command.php(180): Symfony\\Component\\Console\\Command\\Command->run(Object(Symfony\\Component\\Console\\Input\\ArgvInput), Object(Illuminate\\Console\\OutputStyle))
#45 C:\\Users\\ASUS\\Desktop\\Projects\\public_html\\vendor\\symfony\\console\\Application.php(1094): Illuminate\\Console\\Command->run(Object(Symfony\\Component\\Console\\Input\\ArgvInput), Object(Symfony\\Component\\Console\\Output\\ConsoleOutput))
#46 C:\\Users\\ASUS\\Desktop\\Projects\\public_html\\vendor\\symfony\\console\\Application.php(342): Symfony\\Component\\Console\\Application->doRunCommand(Object(Illuminate\\Database\\Console\\Seeds\\SeedCommand), Object(Symfony\\Component\\Console\\Input\\ArgvInput), Object(Symfony\\Component\\Console\\Output\\ConsoleOutput))
#47 C:\\Users\\ASUS\\Desktop\\Projects\\public_html\\vendor\\symfony\\console\\Application.php(193): Symfony\\Component\\Console\\Application->doRun(Object(Symfony\\Component\\Console\\Input\\ArgvInput), Object(Symfony\\Component\\Console\\Output\\ConsoleOutput))
#48 C:\\Users\\ASUS\\Desktop\\Projects\\public_html\\vendor\\laravel\\framework\\src\\Illuminate\\Foundation\\Console\\Kernel.php(197): Symfony\\Component\\Console\\Application->run(Object(Symfony\\Component\\Console\\Input\\ArgvInput), Object(Symfony\\Component\\Console\\Output\\ConsoleOutput))
#49 C:\\Users\\ASUS\\Desktop\\Projects\\public_html\\vendor\\laravel\\framework\\src\\Illuminate\\Foundation\\Application.php(1234): Illuminate\\Foundation\\Console\\Kernel->handle(Object(Symfony\\Component\\Console\\Input\\ArgvInput), Object(Symfony\\Component\\Console\\Output\\ConsoleOutput))
#50 C:\\Users\\ASUS\\Desktop\\Projects\\public_html\\artisan(16): Illuminate\\Foundation\\Application->handleCommand(Object(Symfony\\Component\\Console\\Input\\ArgvInput))
#51 {main}
"} 
[2026-03-25 16:56:48] local.ERROR: Target class [App\Http\Middleware\ForceHttps] does not exist. {"exception":"[object] (Illuminate\\Contracts\\Container\\BindingResolutionException(code: 0): Target class [App\\Http\\Middleware\\ForceHttps] does not exist. at C:\\Users\\ASUS\\Desktop\\Projects\\public_html\\vendor\\laravel\\framework\\src\\Illuminate\\Container\\Container.php:1019)
[stacktrace]
#0 C:\\Users\\ASUS\\Desktop\\Projects\\public_html\\vendor\\laravel\\framework\\src\\Illuminate\\Container\\Container.php(890): Illuminate\\Container\\Container->build('App\\\\Http\\\\Middle...')
#1 C:\\Users\\ASUS\\Desktop\\Projects\\public_html\\vendor\\laravel\\framework\\src\\Illuminate\\Foundation\\Application.php(1077): Illuminate\\Container\\Container->resolve('App\\\\Http\\\\Middle...', Array, true)
#2 C:\\Users\\ASUS\\Desktop\\Projects\\public_html\\vendor\\laravel\\framework\\src\\Illuminate\\Container\\Container.php(821): Illuminate\\Foundation\\Application->resolve('App\\\\Http\\\\Middle...', Array)
#3 C:\\Users\\ASUS\\Desktop\\Projects\\public_html\\vendor\\laravel\\framework\\src\\Illuminate\\Foundation\\Application.php(1057): Illuminate\\Container\\Container->make('App\\\\Http\\\\Middle...', Array)
#4 C:\\Users\\ASUS\\Desktop\\Projects\\public_html\\vendor\\laravel\\framework\\src\\Illuminate\\Pipeline\\Pipeline.php(197): Illuminate\\Foundation\\Application->make('App\\\\Http\\\\Middle...')
#5 C:\\Users\\ASUS\\Desktop\\Projects\\public_html\\vendor\\laravel\\framework\\src\\Illuminate\\Foundation\\Http\\Middleware\\TransformsRequest.php(21): Illuminate\\Pipeline\\Pipeline->Illuminate\\Pipeline\\{closure}(Object(Illuminate\\Http\\Request))
#6 C:\\Users\\ASUS\\Desktop\\Projects\\public_html\\vendor\\laravel\\framework\\src\\Illuminate\\Foundation\\Http\\Middleware\\ConvertEmptyStringsToNull.php(31): Illuminate\\Foundation\\Http\\Middleware\\TransformsRequest->handle(Object(Illuminate\\Http\\Request), Object(Closure))
#7 C:\\Users\\ASUS\\Desktop\\Projects\\public_html\\vendor\\laravel\\framework\\src\\Illuminate\\Pipeline\\Pipeline.php(208): Illuminate\\Foundation\\Http\\Middleware\\ConvertEmptyStringsToNull->handle(Object(Illuminate\\Http\\Request), Object(Closure))
#8 C:\\Users\\ASUS\\Desktop\\Projects\\public_html\\vendor\\laravel\\framework\\src\\Illuminate\\Foundation\\Http\\Middleware\\TransformsRequest.php(21): Illuminate\\Pipeline\\Pipeline->Illuminate\\Pipeline\\{closure}(Object(Illuminate\\Http\\Request))
#9 C:\\Users\\ASUS\\Desktop\\Projects\\public_html\\vendor\\laravel\\framework\\src\\Illuminate\\Foundation\\Http\\Middleware\\TrimStrings.php(51): Illuminate\\Foundation\\Http\\Middleware\\TransformsRequest->handle(Object(Illuminate\\Http\\Request), Object(Closure))
#10 C:\\Users\\ASUS\\Desktop\\Projects\\public_html\\vendor\\laravel\\framework\\src\\Illuminate\\Pipeline\\Pipeline.php(208): Illuminate\\Foundation\\Http\\Middleware\\TrimStrings->handle(Object(Illuminate\\Http\\Request), Object(Closure))
#11 C:\\Users\\ASUS\\Desktop\\Projects\\public_html\\vendor\\laravel\\framework\\src\\Illuminate\\Http\\Middleware\\ValidatePostSize.php(27): Illuminate\\Pipeline\\Pipeline->Illuminate\\Pipeline\\{closure}(Object(Illuminate\\Http\\Request))
#12 C:\\Users\\ASUS\\Desktop\\Projects\\public_html\\vendor\\laravel\\framework\\src\\Illuminate\\Pipeline\\Pipeline.php(208): Illuminate\\Http\\Middleware\\ValidatePostSize->handle(Object(Illuminate\\Http\\Request), Object(Closure))
#13 C:\\Users\\ASUS\\Desktop\\Projects\\public_html\\vendor\\laravel\\framework\\src\\Illuminate\\Foundation\\Http\\Middleware\\PreventRequestsDuringMaintenance.php(109): Illuminate\\Pipeline\\Pipeline->Illuminate\\Pipeline\\{closure}(Object(Illuminate\\Http\\Request))
#14 C:\\Users\\ASUS\\Desktop\\Projects\\public_html\\vendor\\laravel\\framework\\src\\Illuminate\\Pipeline\\Pipeline.php(208): Illuminate\\Foundation\\Http\\Middleware\\PreventRequestsDuringMaintenance->handle(Object(Illuminate\\Http\\Request), Object(Closure))
#15 C:\\Users\\ASUS\\Desktop\\Projects\\public_html\\vendor\\laravel\\framework\\src\\Illuminate\\Http\\Middleware\\HandleCors.php(48): Illuminate\\Pipeline\\Pipeline->Illuminate\\Pipeline\\{closure}(Object(Illuminate\\Http\\Request))
#16 C:\\Users\\ASUS\\Desktop\\Projects\\public_html\\vendor\\laravel\\framework\\src\\Illuminate\\Pipeline\\Pipeline.php(208): Illuminate\\Http\\Middleware\\HandleCors->handle(Object(Illuminate\\Http\\Request), Object(Closure))
#17 C:\\Users\\ASUS\\Desktop\\Projects\\public_html\\vendor\\laravel\\framework\\src\\Illuminate\\Http\\Middleware\\TrustProxies.php(58): Illuminate\\Pipeline\\Pipeline->Illuminate\\Pipeline\\{closure}(Object(Illuminate\\Http\\Request))
#18 C:\\Users\\ASUS\\Desktop\\Projects\\public_html\\vendor\\laravel\\framework\\src\\Illuminate\\Pipeline\\Pipeline.php(208): Illuminate\\Http\\Middleware\\TrustProxies->handle(Object(Illuminate\\Http\\Request), Object(Closure))
#19 C:\\Users\\ASUS\\Desktop\\Projects\\public_html\\vendor\\laravel\\framework\\src\\Illuminate\\Foundation\\Http\\Middleware\\InvokeDeferredCallbacks.php(22): Illuminate\\Pipeline\\Pipeline->Illuminate\\Pipeline\\{closure}(Object(Illuminate\\Http\\Request))
#20 C:\\Users\\ASUS\\Desktop\\Projects\\public_html\\vendor\\laravel\\framework\\src\\Illuminate\\Pipeline\\Pipeline.php(208): Illuminate\\Foundation\\Http\\Middleware\\InvokeDeferredCallbacks->handle(Object(Illuminate\\Http\\Request), Object(Closure))
#21 C:\\Users\\ASUS\\Desktop\\Projects\\public_html\\vendor\\laravel\\framework\\src\\Illuminate\\Http\\Middleware\\ValidatePathEncoding.php(26): Illuminate\\Pipeline\\Pipeline->Illuminate\\Pipeline\\{closure}(Object(Illuminate\\Http\\Request))
#22 C:\\Users\\ASUS\\Desktop\\Projects\\public_html\\vendor\\laravel\\framework\\src\\Illuminate\\Pipeline\\Pipeline.php(208): Illuminate\\Http\\Middleware\\ValidatePathEncoding->handle(Object(Illuminate\\Http\\Request), Object(Closure))
#23 C:\\Users\\ASUS\\Desktop\\Projects\\public_html\\vendor\\laravel\\framework\\src\\Illuminate\\Pipeline\\Pipeline.php(126): Illuminate\\Pipeline\\Pipeline->Illuminate\\Pipeline\\{closure}(Object(Illuminate\\Http\\Request))
#24 C:\\Users\\ASUS\\Desktop\\Projects\\public_html\\vendor\\laravel\\framework\\src\\Illuminate\\Foundation\\Http\\Kernel.php(175): Illuminate\\Pipeline\\Pipeline->then(Object(Closure))
#25 C:\\Users\\ASUS\\Desktop\\Projects\\public_html\\vendor\\laravel\\framework\\src\\Illuminate\\Foundation\\Http\\Kernel.php(144): Illuminate\\Foundation\\Http\\Kernel->sendRequestThroughRouter(Object(Illuminate\\Http\\Request))
#26 C:\\Users\\ASUS\\Desktop\\Projects\\public_html\\vendor\\laravel\\framework\\src\\Illuminate\\Foundation\\Application.php(1219): Illuminate\\Foundation\\Http\\Kernel->handle(Object(Illuminate\\Http\\Request))
#27 C:\\Users\\ASUS\\Desktop\\Projects\\public_html\\public\\index.php(19): Illuminate\\Foundation\\Application->handleRequest(Object(Illuminate\\Http\\Request))
#28 C:\\Users\\ASUS\\Desktop\\Projects\\public_html\\vendor\\laravel\\framework\\src\\Illuminate\\Foundation\\resources\\server.php(23): require_once('C:\\\\Users\\\\ASUS\\\\D...')
#29 {main}

[previous exception] [object] (ReflectionException(code: -1): Class \"App\\Http\\Middleware\\ForceHttps\" does not exist at C:\\Users\\ASUS\\Desktop\\Projects\\public_html\\vendor\\laravel\\framework\\src\\Illuminate\\Container\\Container.php:1017)
[stacktrace]
#0 C:\\Users\\ASUS\\Desktop\\Projects\\public_html\\vendor\\laravel\\framework\\src\\Illuminate\\Container\\Container.php(1017): ReflectionClass->__construct('App\\\\Http\\\\Middle...')
#1 C:\\Users\\ASUS\\Desktop\\Projects\\public_html\\vendor\\laravel\\framework\\src\\Illuminate\\Container\\Container.php(890): Illuminate\\Container\\Container->build('App\\\\Http\\\\Middle...')
#2 C:\\Users\\ASUS\\Desktop\\Projects\\public_html\\vendor\\laravel\\framework\\src\\Illuminate\\Foundation\\Application.php(1077): Illuminate\\Container\\Container->resolve('App\\\\Http\\\\Middle...', Array, true)
#3 C:\\Users\\ASUS\\Desktop\\Projects\\public_html\\vendor\\laravel\\framework\\src\\Illuminate\\Container\\Container.php(821): Illuminate\\Foundation\\Application->resolve('App\\\\Http\\\\Middle...', Array)
#4 C:\\Users\\ASUS\\Desktop\\Projects\\public_html\\vendor\\laravel\\framework\\src\\Illuminate\\Foundation\\Application.php(1057): Illuminate\\Container\\Container->make('App\\\\Http\\\\Middle...', Array)
#5 C:\\Users\\ASUS\\Desktop\\Projects\\public_html\\vendor\\laravel\\framework\\src\\Illuminate\\Pipeline\\Pipeline.php(197): Illuminate\\Foundation\\Application->make('App\\\\Http\\\\Middle...')
#6 C:\\Users\\ASUS\\Desktop\\Projects\\public_html\\vendor\\laravel\\framework\\src\\Illuminate\\Foundation\\Http\\Middleware\\TransformsRequest.php(21): Illuminate\\Pipeline\\Pipeline->Illuminate\\Pipeline\\{closure}(Object(Illuminate\\Http\\Request))
#7 C:\\Users\\ASUS\\Desktop\\Projects\\public_html\\vendor\\laravel\\framework\\src\\Illuminate\\Foundation\\Http\\Middleware\\ConvertEmptyStringsToNull.php(31): Illuminate\\Foundation\\Http\\Middleware\\TransformsRequest->handle(Object(Illuminate\\Http\\Request), Object(Closure))
#8 C:\\Users\\ASUS\\Desktop\\Projects\\public_html\\vendor\\laravel\\framework\\src\\Illuminate\\Pipeline\\Pipeline.php(208): Illuminate\\Foundation\\Http\\Middleware\\ConvertEmptyStringsToNull->handle(Object(Illuminate\\Http\\Request), Object(Closure))
#9 C:\\Users\\ASUS\\Desktop\\Projects\\public_html\\vendor\\laravel\\framework\\src\\Illuminate\\Foundation\\Http\\Middleware\\TransformsRequest.php(21): Illuminate\\Pipeline\\Pipeline->Illuminate\\Pipeline\\{closure}(Object(Illuminate\\Http\\Request))
#10 C:\\Users\\ASUS\\Desktop\\Projects\\public_html\\vendor\\laravel\\framework\\src\\Illuminate\\Foundation\\Http\\Middleware\\TrimStrings.php(51): Illuminate\\Foundation\\Http\\Middleware\\TransformsRequest->handle(Object(Illuminate\\Http\\Request), Object(Closure))
#11 C:\\Users\\ASUS\\Desktop\\Projects\\public_html\\vendor\\laravel\\framework\\src\\Illuminate\\Pipeline\\Pipeline.php(208): Illuminate\\Foundation\\Http\\Middleware\\TrimStrings->handle(Object(Illuminate\\Http\\Request), Object(Closure))
#12 C:\\Users\\ASUS\\Desktop\\Projects\\public_html\\vendor\\laravel\\framework\\src\\Illuminate\\Http\\Middleware\\ValidatePostSize.php(27): Illuminate\\Pipeline\\Pipeline->Illuminate\\Pipeline\\{closure}(Object(Illuminate\\Http\\Request))
#13 C:\\Users\\ASUS\\Desktop\\Projects\\public_html\\vendor\\laravel\\framework\\src\\Illuminate\\Pipeline\\Pipeline.php(208): Illuminate\\Http\\Middleware\\ValidatePostSize->handle(Object(Illuminate\\Http\\Request), Object(Closure))
#14 C:\\Users\\ASUS\\Desktop\\Projects\\public_html\\vendor\\laravel\\framework\\src\\Illuminate\\Foundation\\Http\\Middleware\\PreventRequestsDuringMaintenance.php(109): Illuminate\\Pipeline\\Pipeline->Illuminate\\Pipeline\\{closure}(Object(Illuminate\\Http\\Request))
#15 C:\\Users\\ASUS\\Desktop\\Projects\\public_html\\vendor\\laravel\\framework\\src\\Illuminate\\Pipeline\\Pipeline.php(208): Illuminate\\Foundation\\Http\\Middleware\\PreventRequestsDuringMaintenance->handle(Object(Illuminate\\Http\\Request), Object(Closure))
#16 C:\\Users\\ASUS\\Desktop\\Projects\\public_html\\vendor\\laravel\\framework\\src\\Illuminate\\Http\\Middleware\\HandleCors.php(48): Illuminate\\Pipeline\\Pipeline->Illuminate\\Pipeline\\{closure}(Object(Illuminate\\Http\\Request))
#17 C:\\Users\\ASUS\\Desktop\\Projects\\public_html\\vendor\\laravel\\framework\\src\\Illuminate\\Pipeline\\Pipeline.php(208): Illuminate\\Http\\Middleware\\HandleCors->handle(Object(Illuminate\\Http\\Request), Object(Closure))
#18 C:\\Users\\ASUS\\Desktop\\Projects\\public_html\\vendor\\laravel\\framework\\src\\Illuminate\\Http\\Middleware\\TrustProxies.php(58): Illuminate\\Pipeline\\Pipeline->Illuminate\\Pipeline\\{closure}(Object(Illuminate\\Http\\Request))
#19 C:\\Users\\ASUS\\Desktop\\Projects\\public_html\\vendor\\laravel\\framework\\src\\Illuminate\\Pipeline\\Pipeline.php(208): Illuminate\\Http\\Middleware\\TrustProxies->handle(Object(Illuminate\\Http\\Request), Object(Closure))
#20 C:\\Users\\ASUS\\Desktop\\Projects\\public_html\\vendor\\laravel\\framework\\src\\Illuminate\\Foundation\\Http\\Middleware\\InvokeDeferredCallbacks.php(22): Illuminate\\Pipeline\\Pipeline->Illuminate\\Pipeline\\{closure}(Object(Illuminate\\Http\\Request))
#21 C:\\Users\\ASUS\\Desktop\\Projects\\public_html\\vendor\\laravel\\framework\\src\\Illuminate\\Pipeline\\Pipeline.php(208): Illuminate\\Foundation\\Http\\Middleware\\InvokeDeferredCallbacks->handle(Object(Illuminate\\Http\\Request), Object(Closure))
#22 C:\\Users\\ASUS\\Desktop\\Projects\\public_html\\vendor\\laravel\\framework\\src\\Illuminate\\Http\\Middleware\\ValidatePathEncoding.php(26): Illuminate\\Pipeline\\Pipeline->Illuminate\\Pipeline\\{closure}(Object(Illuminate\\Http\\Request))
#23 C:\\Users\\ASUS\\Desktop\\Projects\\public_html\\vendor\\laravel\\framework\\src\\Illuminate\\Pipeline\\Pipeline.php(208): Illuminate\\Http\\Middleware\\ValidatePathEncoding->handle(Object(Illuminate\\Http\\Request), Object(Closure))
#24 C:\\Users\\ASUS\\Desktop\\Projects\\public_html\\vendor\\laravel\\framework\\src\\Illuminate\\Pipeline\\Pipeline.php(126): Illuminate\\Pipeline\\Pipeline->Illuminate\\Pipeline\\{closure}(Object(Illuminate\\Http\\Request))
#25 C:\\Users\\ASUS\\Desktop\\Projects\\public_html\\vendor\\laravel\\framework\\src\\Illuminate\\Foundation\\Http\\Kernel.php(175): Illuminate\\Pipeline\\Pipeline->then(Object(Closure))
#26 C:\\Users\\ASUS\\Desktop\\Projects\\public_html\\vendor\\laravel\\framework\\src\\Illuminate\\Foundation\\Http\\Kernel.php(144): Illuminate\\Foundation\\Http\\Kernel->sendRequestThroughRouter(Object(Illuminate\\Http\\Request))
#27 C:\\Users\\ASUS\\Desktop\\Projects\\public_html\\vendor\\laravel\\framework\\src\\Illuminate\\Foundation\\Application.php(1219): Illuminate\\Foundation\\Http\\Kernel->handle(Object(Illuminate\\Http\\Request))
#28 C:\\Users\\ASUS\\Desktop\\Projects\\public_html\\public\\index.php(19): Illuminate\\Foundation\\Application->handleRequest(Object(Illuminate\\Http\\Request))
#29 C:\\Users\\ASUS\\Desktop\\Projects\\public_html\\vendor\\laravel\\framework\\src\\Illuminate\\Foundation\\resources\\server.php(23): require_once('C:\\\\Users\\\\ASUS\\\\D...')
#30 {main}
"} 
[2026-03-25 16:56:50] local.ERROR: Target class [App\Http\Middleware\ForceHttps] does not exist. {"exception":"[object] (Illuminate\\Contracts\\Container\\BindingResolutionException(code: 0): Target class [App\\Http\\Middleware\\ForceHttps] does not exist. at C:\\Users\\ASUS\\Desktop\\Projects\\public_html\\vendor\\laravel\\framework\\src\\Illuminate\\Container\\Container.php:1019)
[stacktrace]
#0 C:\\Users\\ASUS\\Desktop\\Projects\\public_html\\vendor\\laravel\\framework\\src\\Illuminate\\Container\\Container.php(890): Illuminate\\Container\\Container->build('App\\\\Http\\\\Middle...')
#1 C:\\Users\\ASUS\\Desktop\\Projects\\public_html\\vendor\\laravel\\framework\\src\\Illuminate\\Foundation\\Application.php(1077): Illuminate\\Container\\Container->resolve('App\\\\Http\\\\Middle...', Array, true)
#2 C:\\Users\\ASUS\\Desktop\\Projects\\public_html\\vendor\\laravel\\framework\\src\\Illuminate\\Container\\Container.php(821): Illuminate\\Foundation\\Application->resolve('App\\\\Http\\\\Middle...', Array)
#3 C:\\Users\\ASUS\\Desktop\\Projects\\public_html\\vendor\\laravel\\framework\\src\\Illuminate\\Foundation\\Application.php(1057): Illuminate\\Container\\Container->make('App\\\\Http\\\\Middle...', Array)
#4 C:\\Users\\ASUS\\Desktop\\Projects\\public_html\\vendor\\laravel\\framework\\src\\Illuminate\\Foundation\\Http\\Kernel.php(257): Illuminate\\Foundation\\Application->make('App\\\\Http\\\\Middle...')
#5 C:\\Users\\ASUS\\Desktop\\Projects\\public_html\\vendor\\laravel\\framework\\src\\Illuminate\\Foundation\\Http\\Kernel.php(215): Illuminate\\Foundation\\Http\\Kernel->terminateMiddleware(Object(Illuminate\\Http\\Request), Object(Illuminate\\Http\\Response))
#6 C:\\Users\\ASUS\\Desktop\\Projects\\public_html\\vendor\\laravel\\framework\\src\\Illuminate\\Foundation\\Application.php(1221): Illuminate\\Foundation\\Http\\Kernel->terminate(Object(Illuminate\\Http\\Request), Object(Illuminate\\Http\\Response))
#7 C:\\Users\\ASUS\\Desktop\\Projects\\public_html\\public\\index.php(19): Illuminate\\Foundation\\Application->handleRequest(Object(Illuminate\\Http\\Request))
#8 C:\\Users\\ASUS\\Desktop\\Projects\\public_html\\vendor\\laravel\\framework\\src\\Illuminate\\Foundation\\resources\\server.php(23): require_once('C:\\\\Users\\\\ASUS\\\\D...')
#9 {main}

[previous exception] [object] (ReflectionException(code: -1): Class \"App\\Http\\Middleware\\ForceHttps\" does not exist at C:\\Users\\ASUS\\Desktop\\Projects\\public_html\\vendor\\laravel\\framework\\src\\Illuminate\\Container\\Container.php:1017)
[stacktrace]
#0 C:\\Users\\ASUS\\Desktop\\Projects\\public_html\\vendor\\laravel\\framework\\src\\Illuminate\\Container\\Container.php(1017): ReflectionClass->__construct('App\\\\Http\\\\Middle...')
#1 C:\\Users\\ASUS\\Desktop\\Projects\\public_html\\vendor\\laravel\\framework\\src\\Illuminate\\Container\\Container.php(890): Illuminate\\Container\\Container->build('App\\\\Http\\\\Middle...')
#2 C:\\Users\\ASUS\\Desktop\\Projects\\public_html\\vendor\\laravel\\framework\\src\\Illuminate\\Foundation\\Application.php(1077): Illuminate\\Container\\Container->resolve('App\\\\Http\\\\Middle...', Array, true)
#3 C:\\Users\\ASUS\\Desktop\\Projects\\public_html\\vendor\\laravel\\framework\\src\\Illuminate\\Container\\Container.php(821): Illuminate\\Foundation\\Application->resolve('App\\\\Http\\\\Middle...', Array)
#4 C:\\Users\\ASUS\\Desktop\\Projects\\public_html\\vendor\\laravel\\framework\\src\\Illuminate\\Foundation\\Application.php(1057): Illuminate\\Container\\Container->make('App\\\\Http\\\\Middle...', Array)
#5 C:\\Users\\ASUS\\Desktop\\Projects\\public_html\\vendor\\laravel\\framework\\src\\Illuminate\\Foundation\\Http\\Kernel.php(257): Illuminate\\Foundation\\Application->make('App\\\\Http\\\\Middle...')
#6 C:\\Users\\ASUS\\Desktop\\Projects\\public_html\\vendor\\laravel\\framework\\src\\Illuminate\\Foundation\\Http\\Kernel.php(215): Illuminate\\Foundation\\Http\\Kernel->terminateMiddleware(Object(Illuminate\\Http\\Request), Object(Illuminate\\Http\\Response))
#7 C:\\Users\\ASUS\\Desktop\\Projects\\public_html\\vendor\\laravel\\framework\\src\\Illuminate\\Foundation\\Application.php(1221): Illuminate\\Foundation\\Http\\Kernel->terminate(Object(Illuminate\\Http\\Request), Object(Illuminate\\Http\\Response))
#8 C:\\Users\\ASUS\\Desktop\\Projects\\public_html\\public\\index.php(19): Illuminate\\Foundation\\Application->handleRequest(Object(Illuminate\\Http\\Request))
#9 C:\\Users\\ASUS\\Desktop\\Projects\\public_html\\vendor\\laravel\\framework\\src\\Illuminate\\Foundation\\resources\\server.php(23): require_once('C:\\\\Users\\\\ASUS\\\\D...')
#10 {main}
"} 
[2026-03-25 16:57:00] local.ERROR: syntax error, unexpected variable "$this" {"exception":"[object] (ParseError(code: 0): syntax error, unexpected variable \"$this\" at C:\\Users\\ASUS\\Desktop\\Projects\\public_html\\app\\Http\\Controllers\\StaticPageController.php:24)
[stacktrace]
#0 C:\\Users\\ASUS\\Desktop\\Projects\\public_html\\vendor\\composer\\ClassLoader.php(427): Composer\\Autoload\\{closure}('C:\\\\Users\\\\ASUS\\\\D...')
#1 [internal function]: Composer\\Autoload\\ClassLoader->loadClass('App\\\\Http\\\\Contro...')
#2 C:\\Users\\ASUS\\Desktop\\Projects\\public_html\\vendor\\laravel\\framework\\src\\Illuminate\\Routing\\Route.php(1119): is_a('App\\\\Http\\\\Contro...', 'Illuminate\\\\Rout...', true)
#3 C:\\Users\\ASUS\\Desktop\\Projects\\public_html\\vendor\\laravel\\framework\\src\\Illuminate\\Routing\\Route.php(1056): Illuminate\\Routing\\Route->controllerMiddleware()
#4 C:\\Users\\ASUS\\Desktop\\Projects\\public_html\\vendor\\laravel\\framework\\src\\Illuminate\\Routing\\Router.php(820): Illuminate\\Routing\\Route->gatherMiddleware()
#5 C:\\Users\\ASUS\\Desktop\\Projects\\public_html\\vendor\\laravel\\framework\\src\\Illuminate\\Foundation\\Console\\RouteListCommand.php(211): Illuminate\\Routing\\Router->gatherRouteMiddleware(Object(Illuminate\\Routing\\Route))
#6 C:\\Users\\ASUS\\Desktop\\Projects\\public_html\\vendor\\laravel\\framework\\src\\Illuminate\\Foundation\\Console\\RouteListCommand.php(148): Illuminate\\Foundation\\Console\\RouteListCommand->getMiddleware(Object(Illuminate\\Routing\\Route))
#7 C:\\Users\\ASUS\\Desktop\\Projects\\public_html\\vendor\\laravel\\framework\\src\\Illuminate\\Foundation\\Console\\RouteListCommand.php(117): Illuminate\\Foundation\\Console\\RouteListCommand->getRouteInformation(Object(Illuminate\\Routing\\Route))
#8 [internal function]: Illuminate\\Foundation\\Console\\RouteListCommand->Illuminate\\Foundation\\Console\\{closure}(Object(Illuminate\\Routing\\Route), 69)
#9 C:\\Users\\ASUS\\Desktop\\Projects\\public_html\\vendor\\laravel\\framework\\src\\Illuminate\\Collections\\Arr.php(725): array_map(Object(Closure), Array, Array)
#10 C:\\Users\\ASUS\\Desktop\\Projects\\public_html\\vendor\\laravel\\framework\\src\\Illuminate\\Collections\\Collection.php(805): Illuminate\\Support\\Arr::map(Array, Object(Closure))
#11 C:\\Users\\ASUS\\Desktop\\Projects\\public_html\\vendor\\laravel\\framework\\src\\Illuminate\\Foundation\\Console\\RouteListCommand.php(117): Illuminate\\Support\\Collection->map(Object(Closure))
#12 C:\\Users\\ASUS\\Desktop\\Projects\\public_html\\vendor\\laravel\\framework\\src\\Illuminate\\Foundation\\Console\\RouteListCommand.php(102): Illuminate\\Foundation\\Console\\RouteListCommand->getRoutes()
#13 C:\\Users\\ASUS\\Desktop\\Projects\\public_html\\vendor\\laravel\\framework\\src\\Illuminate\\Container\\BoundMethod.php(36): Illuminate\\Foundation\\Console\\RouteListCommand->handle()
#14 C:\\Users\\ASUS\\Desktop\\Projects\\public_html\\vendor\\laravel\\framework\\src\\Illuminate\\Container\\Util.php(43): Illuminate\\Container\\BoundMethod::Illuminate\\Container\\{closure}()
#15 C:\\Users\\ASUS\\Desktop\\Projects\\public_html\\vendor\\laravel\\framework\\src\\Illuminate\\Container\\BoundMethod.php(96): Illuminate\\Container\\Util::unwrapIfClosure(Object(Closure))
#16 C:\\Users\\ASUS\\Desktop\\Projects\\public_html\\vendor\\laravel\\framework\\src\\Illuminate\\Container\\BoundMethod.php(35): Illuminate\\Container\\BoundMethod::callBoundMethod(Object(Illuminate\\Foundation\\Application), Array, Object(Closure))
#17 C:\\Users\\ASUS\\Desktop\\Projects\\public_html\\vendor\\laravel\\framework\\src\\Illuminate\\Container\\Container.php(754): Illuminate\\Container\\BoundMethod::call(Object(Illuminate\\Foundation\\Application), Array, Array, NULL)
#18 C:\\Users\\ASUS\\Desktop\\Projects\\public_html\\vendor\\laravel\\framework\\src\\Illuminate\\Console\\Command.php(211): Illuminate\\Container\\Container->call(Array)
#19 C:\\Users\\ASUS\\Desktop\\Projects\\public_html\\vendor\\symfony\\console\\Command\\Command.php(279): Illuminate\\Console\\Command->execute(Object(Symfony\\Component\\Console\\Input\\ArgvInput), Object(Illuminate\\Console\\OutputStyle))
#20 C:\\Users\\ASUS\\Desktop\\Projects\\public_html\\vendor\\laravel\\framework\\src\\Illuminate\\Console\\Command.php(180): Symfony\\Component\\Console\\Command\\Command->run(Object(Symfony\\Component\\Console\\Input\\ArgvInput), Object(Illuminate\\Console\\OutputStyle))
#21 C:\\Users\\ASUS\\Desktop\\Projects\\public_html\\vendor\\symfony\\console\\Application.php(1094): Illuminate\\Console\\Command->run(Object(Symfony\\Component\\Console\\Input\\ArgvInput), Object(Symfony\\Component\\Console\\Output\\ConsoleOutput))
#22 C:\\Users\\ASUS\\Desktop\\Projects\\public_html\\vendor\\symfony\\console\\Application.php(342): Symfony\\Component\\Console\\Application->doRunCommand(Object(Illuminate\\Foundation\\Console\\RouteListCommand), Object(Symfony\\Component\\Console\\Input\\ArgvInput), Object(Symfony\\Component\\Console\\Output\\ConsoleOutput))
#23 C:\\Users\\ASUS\\Desktop\\Projects\\public_html\\vendor\\symfony\\console\\Application.php(193): Symfony\\Component\\Console\\Application->doRun(Object(Symfony\\Component\\Console\\Input\\ArgvInput), Object(Symfony\\Component\\Console\\Output\\ConsoleOutput))
#24 C:\\Users\\ASUS\\Desktop\\Projects\\public_html\\vendor\\laravel\\framework\\src\\Illuminate\\Foundation\\Console\\Kernel.php(197): Symfony\\Component\\Console\\Application->run(Object(Symfony\\Component\\Console\\Input\\ArgvInput), Object(Symfony\\Component\\Console\\Output\\ConsoleOutput))
#25 C:\\Users\\ASUS\\Desktop\\Projects\\public_html\\vendor\\laravel\\framework\\src\\Illuminate\\Foundation\\Application.php(1234): Illuminate\\Foundation\\Console\\Kernel->handle(Object(Symfony\\Component\\Console\\Input\\ArgvInput), Object(Symfony\\Component\\Console\\Output\\ConsoleOutput))
#26 C:\\Users\\ASUS\\Desktop\\Projects\\public_html\\artisan(16): Illuminate\\Foundation\\Application->handleCommand(Object(Symfony\\Component\\Console\\Input\\ArgvInput))
#27 {main}
"} 
[2026-03-25 16:57:06] local.ERROR: Target class [App\Http\Middleware\ForceHttps] does not exist. {"exception":"[object] (Illuminate\\Contracts\\Container\\BindingResolutionException(code: 0): Target class [App\\Http\\Middleware\\ForceHttps] does not exist. at C:\\Users\\ASUS\\Desktop\\Projects\\public_html\\vendor\\laravel\\framework\\src\\Illuminate\\Container\\Container.php:1019)
[stacktrace]
#0 C:\\Users\\ASUS\\Desktop\\Projects\\public_html\\vendor\\laravel\\framework\\src\\Illuminate\\Container\\Container.php(890): Illuminate\\Container\\Container->build('App\\\\Http\\\\Middle...')
#1 C:\\Users\\ASUS\\Desktop\\Projects\\public_html\\vendor\\laravel\\framework\\src\\Illuminate\\Foundation\\Application.php(1077): Illuminate\\Container\\Container->resolve('App\\\\Http\\\\Middle...', Array, true)
#2 C:\\Users\\ASUS\\Desktop\\Projects\\public_html\\vendor\\laravel\\framework\\src\\Illuminate\\Container\\Container.php(821): Illuminate\\Foundation\\Application->resolve('App\\\\Http\\\\Middle...', Array)
#3 C:\\Users\\ASUS\\Desktop\\Projects\\public_html\\vendor\\laravel\\framework\\src\\Illuminate\\Foundation\\Application.php(1057): Illuminate\\Container\\Container->make('App\\\\Http\\\\Middle...', Array)
#4 C:\\Users\\ASUS\\Desktop\\Projects\\public_html\\vendor\\laravel\\framework\\src\\Illuminate\\Pipeline\\Pipeline.php(197): Illuminate\\Foundation\\Application->make('App\\\\Http\\\\Middle...')
#5 C:\\Users\\ASUS\\Desktop\\Projects\\public_html\\vendor\\laravel\\framework\\src\\Illuminate\\Foundation\\Http\\Middleware\\TransformsRequest.php(21): Illuminate\\Pipeline\\Pipeline->Illuminate\\Pipeline\\{closure}(Object(Illuminate\\Http\\Request))
#6 C:\\Users\\ASUS\\Desktop\\Projects\\public_html\\vendor\\laravel\\framework\\src\\Illuminate\\Foundation\\Http\\Middleware\\ConvertEmptyStringsToNull.php(31): Illuminate\\Foundation\\Http\\Middleware\\TransformsRequest->handle(Object(Illuminate\\Http\\Request), Object(Closure))
#7 C:\\Users\\ASUS\\Desktop\\Projects\\public_html\\vendor\\laravel\\framework\\src\\Illuminate\\Pipeline\\Pipeline.php(208): Illuminate\\Foundation\\Http\\Middleware\\ConvertEmptyStringsToNull->handle(Object(Illuminate\\Http\\Request), Object(Closure))
#8 C:\\Users\\ASUS\\Desktop\\Projects\\public_html\\vendor\\laravel\\framework\\src\\Illuminate\\Foundation\\Http\\Middleware\\TransformsRequest.php(21): Illuminate\\Pipeline\\Pipeline->Illuminate\\Pipeline\\{closure}(Object(Illuminate\\Http\\Request))
#9 C:\\Users\\ASUS\\Desktop\\Projects\\public_html\\vendor\\laravel\\framework\\src\\Illuminate\\Foundation\\Http\\Middleware\\TrimStrings.php(51): Illuminate\\Foundation\\Http\\Middleware\\TransformsRequest->handle(Object(Illuminate\\Http\\Request), Object(Closure))
#10 C:\\Users\\ASUS\\Desktop\\Projects\\public_html\\vendor\\laravel\\framework\\src\\Illuminate\\Pipeline\\Pipeline.php(208): Illuminate\\Foundation\\Http\\Middleware\\TrimStrings->handle(Object(Illuminate\\Http\\Request), Object(Closure))
#11 C:\\Users\\ASUS\\Desktop\\Projects\\public_html\\vendor\\laravel\\framework\\src\\Illuminate\\Http\\Middleware\\ValidatePostSize.php(27): Illuminate\\Pipeline\\Pipeline->Illuminate\\Pipeline\\{closure}(Object(Illuminate\\Http\\Request))
#12 C:\\Users\\ASUS\\Desktop\\Projects\\public_html\\vendor\\laravel\\framework\\src\\Illuminate\\Pipeline\\Pipeline.php(208): Illuminate\\Http\\Middleware\\ValidatePostSize->handle(Object(Illuminate\\Http\\Request), Object(Closure))
#13 C:\\Users\\ASUS\\Desktop\\Projects\\public_html\\vendor\\laravel\\framework\\src\\Illuminate\\Foundation\\Http\\Middleware\\PreventRequestsDuringMaintenance.php(109): Illuminate\\Pipeline\\Pipeline->Illuminate\\Pipeline\\{closure}(Object(Illuminate\\Http\\Request))
#14 C:\\Users\\ASUS\\Desktop\\Projects\\public_html\\vendor\\laravel\\framework\\src\\Illuminate\\Pipeline\\Pipeline.php(208): Illuminate\\Foundation\\Http\\Middleware\\PreventRequestsDuringMaintenance->handle(Object(Illuminate\\Http\\Request), Object(Closure))
#15 C:\\Users\\ASUS\\Desktop\\Projects\\public_html\\vendor\\laravel\\framework\\src\\Illuminate\\Http\\Middleware\\HandleCors.php(48): Illuminate\\Pipeline\\Pipeline->Illuminate\\Pipeline\\{closure}(Object(Illuminate\\Http\\Request))
#16 C:\\Users\\ASUS\\Desktop\\Projects\\public_html\\vendor\\laravel\\framework\\src\\Illuminate\\Pipeline\\Pipeline.php(208): Illuminate\\Http\\Middleware\\HandleCors->handle(Object(Illuminate\\Http\\Request), Object(Closure))
#17 C:\\Users\\ASUS\\Desktop\\Projects\\public_html\\vendor\\laravel\\framework\\src\\Illuminate\\Http\\Middleware\\TrustProxies.php(58): Illuminate\\Pipeline\\Pipeline->Illuminate\\Pipeline\\{closure}(Object(Illuminate\\Http\\Request))
#18 C:\\Users\\ASUS\\Desktop\\Projects\\public_html\\vendor\\laravel\\framework\\src\\Illuminate\\Pipeline\\Pipeline.php(208): Illuminate\\Http\\Middleware\\TrustProxies->handle(Object(Illuminate\\Http\\Request), Object(Closure))
#19 C:\\Users\\ASUS\\Desktop\\Projects\\public_html\\vendor\\laravel\\framework\\src\\Illuminate\\Foundation\\Http\\Middleware\\InvokeDeferredCallbacks.php(22): Illuminate\\Pipeline\\Pipeline->Illuminate\\Pipeline\\{closure}(Object(Illuminate\\Http\\Request))
#20 C:\\Users\\ASUS\\Desktop\\Projects\\public_html\\vendor\\laravel\\framework\\src\\Illuminate\\Pipeline\\Pipeline.php(208): Illuminate\\Foundation\\Http\\Middleware\\InvokeDeferredCallbacks->handle(Object(Illuminate\\Http\\Request), Object(Closure))
#21 C:\\Users\\ASUS\\Desktop\\Projects\\public_html\\vendor\\laravel\\framework\\src\\Illuminate\\Http\\Middleware\\ValidatePathEncoding.php(26): Illuminate\\Pipeline\\Pipeline->Illuminate\\Pipeline\\{closure}(Object(Illuminate\\Http\\Request))
#22 C:\\Users\\ASUS\\Desktop\\Projects\\public_html\\vendor\\laravel\\framework\\src\\Illuminate\\Pipeline\\Pipeline.php(208): Illuminate\\Http\\Middleware\\ValidatePathEncoding->handle(Object(Illuminate\\Http\\Request), Object(Closure))
#23 C:\\Users\\ASUS\\Desktop\\Projects\\public_html\\vendor\\laravel\\framework\\src\\Illuminate\\Pipeline\\Pipeline.php(126): Illuminate\\Pipeline\\Pipeline->Illuminate\\Pipeline\\{closure}(Object(Illuminate\\Http\\Request))
#24 C:\\Users\\ASUS\\Desktop\\Projects\\public_html\\vendor\\laravel\\framework\\src\\Illuminate\\Foundation\\Http\\Kernel.php(175): Illuminate\\Pipeline\\Pipeline->then(Object(Closure))
#25 C:\\Users\\ASUS\\Desktop\\Projects\\public_html\\vendor\\laravel\\framework\\src\\Illuminate\\Foundation\\Http\\Kernel.php(144): Illuminate\\Foundation\\Http\\Kernel->sendRequestThroughRouter(Object(Illuminate\\Http\\Request))
#26 C:\\Users\\ASUS\\Desktop\\Projects\\public_html\\vendor\\laravel\\framework\\src\\Illuminate\\Foundation\\Application.php(1219): Illuminate\\Foundation\\Http\\Kernel->handle(Object(Illuminate\\Http\\Request))
#27 C:\\Users\\ASUS\\Desktop\\Projects\\public_html\\public\\index.php(19): Illuminate\\Foundation\\Application->handleRequest(Object(Illuminate\\Http\\Request))
#28 C:\\Users\\ASUS\\Desktop\\Projects\\public_html\\vendor\\laravel\\framework\\src\\Illuminate\\Foundation\\resources\\server.php(23): require_once('C:\\\\Users\\\\ASUS\\\\D...')
#29 {main}

[previous exception] [object] (ReflectionException(code: -1): Class \"App\\Http\\Middleware\\ForceHttps\" does not exist at C:\\Users\\ASUS\\Desktop\\Projects\\public_html\\vendor\\laravel\\framework\\src\\Illuminate\\Container\\Container.php:1017)
[stacktrace]
#0 C:\\Users\\ASUS\\Desktop\\Projects\\public_html\\vendor\\laravel\\framework\\src\\Illuminate\\Container\\Container.php(1017): ReflectionClass->__construct('App\\\\Http\\\\Middle...')
#1 C:\\Users\\ASUS\\Desktop\\Projects\\public_html\\vendor\\laravel\\framework\\src\\Illuminate\\Container\\Container.php(890): Illuminate\\Container\\Container->build('App\\\\Http\\\\Middle...')
#2 C:\\Users\\ASUS\\Desktop\\Projects\\public_html\\vendor\\laravel\\framework\\src\\Illuminate\\Foundation\\Application.php(1077): Illuminate\\Container\\Container->resolve('App\\\\Http\\\\Middle...', Array, true)
#3 C:\\Users\\ASUS\\Desktop\\Projects\\public_html\\vendor\\laravel\\framework\\src\\Illuminate\\Container\\Container.php(821): Illuminate\\Foundation\\Application->resolve('App\\\\Http\\\\Middle...', Array)
#4 C:\\Users\\ASUS\\Desktop\\Projects\\public_html\\vendor\\laravel\\framework\\src\\Illuminate\\Foundation\\Application.php(1057): Illuminate\\Container\\Container->make('App\\\\Http\\\\Middle...', Array)
#5 C:\\Users\\ASUS\\Desktop\\Projects\\public_html\\vendor\\laravel\\framework\\src\\Illuminate\\Pipeline\\Pipeline.php(197): Illuminate\\Foundation\\Application->make('App\\\\Http\\\\Middle...')
#6 C:\\Users\\ASUS\\Desktop\\Projects\\public_html\\vendor\\laravel\\framework\\src\\Illuminate\\Foundation\\Http\\Middleware\\TransformsRequest.php(21): Illuminate\\Pipeline\\Pipeline->Illuminate\\Pipeline\\{closure}(Object(Illuminate\\Http\\Request))
#7 C:\\Users\\ASUS\\Desktop\\Projects\\public_html\\vendor\\laravel\\framework\\src\\Illuminate\\Foundation\\Http\\Middleware\\ConvertEmptyStringsToNull.php(31): Illuminate\\Foundation\\Http\\Middleware\\TransformsRequest->handle(Object(Illuminate\\Http\\Request), Object(Closure))
#8 C:\\Users\\ASUS\\Desktop\\Projects\\public_html\\vendor\\laravel\\framework\\src\\Illuminate\\Pipeline\\Pipeline.php(208): Illuminate\\Foundation\\Http\\Middleware\\ConvertEmptyStringsToNull->handle(Object(Illuminate\\Http\\Request), Object(Closure))
#9 C:\\Users\\ASUS\\Desktop\\Projects\\public_html\\vendor\\laravel\\framework\\src\\Illuminate\\Foundation\\Http\\Middleware\\TransformsRequest.php(21): Illuminate\\Pipeline\\Pipeline->Illuminate\\Pipeline\\{closure}(Object(Illuminate\\Http\\Request))
#10 C:\\Users\\ASUS\\Desktop\\Projects\\public_html\\vendor\\laravel\\framework\\src\\Illuminate\\Foundation\\Http\\Middleware\\TrimStrings.php(51): Illuminate\\Foundation\\Http\\Middleware\\TransformsRequest->handle(Object(Illuminate\\Http\\Request), Object(Closure))
#11 C:\\Users\\ASUS\\Desktop\\Projects\\public_html\\vendor\\laravel\\framework\\src\\Illuminate\\Pipeline\\Pipeline.php(208): Illuminate\\Foundation\\Http\\Middleware\\TrimStrings->handle(Object(Illuminate\\Http\\Request), Object(Closure))
#12 C:\\Users\\ASUS\\Desktop\\Projects\\public_html\\vendor\\laravel\\framework\\src\\Illuminate\\Http\\Middleware\\ValidatePostSize.php(27): Illuminate\\Pipeline\\Pipeline->Illuminate\\Pipeline\\{closure}(Object(Illuminate\\Http\\Request))
#13 C:\\Users\\ASUS\\Desktop\\Projects\\public_html\\vendor\\laravel\\framework\\src\\Illuminate\\Pipeline\\Pipeline.php(208): Illuminate\\Http\\Middleware\\ValidatePostSize->handle(Object(Illuminate\\Http\\Request), Object(Closure))
#14 C:\\Users\\ASUS\\Desktop\\Projects\\public_html\\vendor\\laravel\\framework\\src\\Illuminate\\Foundation\\Http\\Middleware\\PreventRequestsDuringMaintenance.php(109): Illuminate\\Pipeline\\Pipeline->Illuminate\\Pipeline\\{closure}(Object(Illuminate\\Http\\Request))
#15 C:\\Users\\ASUS\\Desktop\\Projects\\public_html\\vendor\\laravel\\framework\\src\\Illuminate\\Pipeline\\Pipeline.php(208): Illuminate\\Foundation\\Http\\Middleware\\PreventRequestsDuringMaintenance->handle(Object(Illuminate\\Http\\Request), Object(Closure))
#16 C:\\Users\\ASUS\\Desktop\\Projects\\public_html\\vendor\\laravel\\framework\\src\\Illuminate\\Http\\Middleware\\HandleCors.php(48): Illuminate\\Pipeline\\Pipeline->Illuminate\\Pipeline\\{closure}(Object(Illuminate\\Http\\Request))
#17 C:\\Users\\ASUS\\Desktop\\Projects\\public_html\\vendor\\laravel\\framework\\src\\Illuminate\\Pipeline\\Pipeline.php(208): Illuminate\\Http\\Middleware\\HandleCors->handle(Object(Illuminate\\Http\\Request), Object(Closure))
#18 C:\\Users\\ASUS\\Desktop\\Projects\\public_html\\vendor\\laravel\\framework\\src\\Illuminate\\Http\\Middleware\\TrustProxies.php(58): Illuminate\\Pipeline\\Pipeline->Illuminate\\Pipeline\\{closure}(Object(Illuminate\\Http\\Request))
#19 C:\\Users\\ASUS\\Desktop\\Projects\\public_html\\vendor\\laravel\\framework\\src\\Illuminate\\Pipeline\\Pipeline.php(208): Illuminate\\Http\\Middleware\\TrustProxies->handle(Object(Illuminate\\Http\\Request), Object(Closure))
#20 C:\\Users\\ASUS\\Desktop\\Projects\\public_html\\vendor\\laravel\\framework\\src\\Illuminate\\Foundation\\Http\\Middleware\\InvokeDeferredCallbacks.php(22): Illuminate\\Pipeline\\Pipeline->Illuminate\\Pipeline\\{closure}(Object(Illuminate\\Http\\Request))
#21 C:\\Users\\ASUS\\Desktop\\Projects\\public_html\\vendor\\laravel\\framework\\src\\Illuminate\\Pipeline\\Pipeline.php(208): Illuminate\\Foundation\\Http\\Middleware\\InvokeDeferredCallbacks->handle(Object(Illuminate\\Http\\Request), Object(Closure))
#22 C:\\Users\\ASUS\\Desktop\\Projects\\public_html\\vendor\\laravel\\framework\\src\\Illuminate\\Http\\Middleware\\ValidatePathEncoding.php(26): Illuminate\\Pipeline\\Pipeline->Illuminate\\Pipeline\\{closure}(Object(Illuminate\\Http\\Request))
#23 C:\\Users\\ASUS\\Desktop\\Projects\\public_html\\vendor\\laravel\\framework\\src\\Illuminate\\Pipeline\\Pipeline.php(208): Illuminate\\Http\\Middleware\\ValidatePathEncoding->handle(Object(Illuminate\\Http\\Request), Object(Closure))
#24 C:\\Users\\ASUS\\Desktop\\Projects\\public_html\\vendor\\laravel\\framework\\src\\Illuminate\\Pipeline\\Pipeline.php(126): Illuminate\\Pipeline\\Pipeline->Illuminate\\Pipeline\\{closure}(Object(Illuminate\\Http\\Request))
#25 C:\\Users\\ASUS\\Desktop\\Projects\\public_html\\vendor\\laravel\\framework\\src\\Illuminate\\Foundation\\Http\\Kernel.php(175): Illuminate\\Pipeline\\Pipeline->then(Object(Closure))
#26 C:\\Users\\ASUS\\Desktop\\Projects\\public_html\\vendor\\laravel\\framework\\src\\Illuminate\\Foundation\\Http\\Kernel.php(144): Illuminate\\Foundation\\Http\\Kernel->sendRequestThroughRouter(Object(Illuminate\\Http\\Request))
#27 C:\\Users\\ASUS\\Desktop\\Projects\\public_html\\vendor\\laravel\\framework\\src\\Illuminate\\Foundation\\Application.php(1219): Illuminate\\Foundation\\Http\\Kernel->handle(Object(Illuminate\\Http\\Request))
#28 C:\\Users\\ASUS\\Desktop\\Projects\\public_html\\public\\index.php(19): Illuminate\\Foundation\\Application->handleRequest(Object(Illuminate\\Http\\Request))
#29 C:\\Users\\ASUS\\Desktop\\Projects\\public_html\\vendor\\laravel\\framework\\src\\Illuminate\\Foundation\\resources\\server.php(23): require_once('C:\\\\Users\\\\ASUS\\\\D...')
#30 {main}
"} 
[2026-03-25 16:57:07] local.ERROR: Target class [App\Http\Middleware\ForceHttps] does not exist. {"exception":"[object] (Illuminate\\Contracts\\Container\\BindingResolutionException(code: 0): Target class [App\\Http\\Middleware\\ForceHttps] does not exist. at C:\\Users\\ASUS\\Desktop\\Projects\\public_html\\vendor\\laravel\\framework\\src\\Illuminate\\Container\\Container.php:1019)
[stacktrace]
#0 C:\\Users\\ASUS\\Desktop\\Projects\\public_html\\vendor\\laravel\\framework\\src\\Illuminate\\Container\\Container.php(890): Illuminate\\Container\\Container->build('App\\\\Http\\\\Middle...')
#1 C:\\Users\\ASUS\\Desktop\\Projects\\public_html\\vendor\\laravel\\framework\\src\\Illuminate\\Foundation\\Application.php(1077): Illuminate\\Container\\Container->resolve('App\\\\Http\\\\Middle...', Array, true)
#2 C:\\Users\\ASUS\\Desktop\\Projects\\public_html\\vendor\\laravel\\framework\\src\\Illuminate\\Container\\Container.php(821): Illuminate\\Foundation\\Application->resolve('App\\\\Http\\\\Middle...', Array)
#3 C:\\Users\\ASUS\\Desktop\\Projects\\public_html\\vendor\\laravel\\framework\\src\\Illuminate\\Foundation\\Application.php(1057): Illuminate\\Container\\Container->make('App\\\\Http\\\\Middle...', Array)
#4 C:\\Users\\ASUS\\Desktop\\Projects\\public_html\\vendor\\laravel\\framework\\src\\Illuminate\\Foundation\\Http\\Kernel.php(257): Illuminate\\Foundation\\Application->make('App\\\\Http\\\\Middle...')
#5 C:\\Users\\ASUS\\Desktop\\Projects\\public_html\\vendor\\laravel\\framework\\src\\Illuminate\\Foundation\\Http\\Kernel.php(215): Illuminate\\Foundation\\Http\\Kernel->terminateMiddleware(Object(Illuminate\\Http\\Request), Object(Illuminate\\Http\\Response))
#6 C:\\Users\\ASUS\\Desktop\\Projects\\public_html\\vendor\\laravel\\framework\\src\\Illuminate\\Foundation\\Application.php(1221): Illuminate\\Foundation\\Http\\Kernel->terminate(Object(Illuminate\\Http\\Request), Object(Illuminate\\Http\\Response))
#7 C:\\Users\\ASUS\\Desktop\\Projects\\public_html\\public\\index.php(19): Illuminate\\Foundation\\Application->handleRequest(Object(Illuminate\\Http\\Request))
#8 C:\\Users\\ASUS\\Desktop\\Projects\\public_html\\vendor\\laravel\\framework\\src\\Illuminate\\Foundation\\resources\\server.php(23): require_once('C:\\\\Users\\\\ASUS\\\\D...')
#9 {main}

[previous exception] [object] (ReflectionException(code: -1): Class \"App\\Http\\Middleware\\ForceHttps\" does not exist at C:\\Users\\ASUS\\Desktop\\Projects\\public_html\\vendor\\laravel\\framework\\src\\Illuminate\\Container\\Container.php:1017)
[stacktrace]
#0 C:\\Users\\ASUS\\Desktop\\Projects\\public_html\\vendor\\laravel\\framework\\src\\Illuminate\\Container\\Container.php(1017): ReflectionClass->__construct('App\\\\Http\\\\Middle...')
#1 C:\\Users\\ASUS\\Desktop\\Projects\\public_html\\vendor\\laravel\\framework\\src\\Illuminate\\Container\\Container.php(890): Illuminate\\Container\\Container->build('App\\\\Http\\\\Middle...')
#2 C:\\Users\\ASUS\\Desktop\\Projects\\public_html\\vendor\\laravel\\framework\\src\\Illuminate\\Foundation\\Application.php(1077): Illuminate\\Container\\Container->resolve('App\\\\Http\\\\Middle...', Array, true)
#3 C:\\Users\\ASUS\\Desktop\\Projects\\public_html\\vendor\\laravel\\framework\\src\\Illuminate\\Container\\Container.php(821): Illuminate\\Foundation\\Application->resolve('App\\\\Http\\\\Middle...', Array)
#4 C:\\Users\\ASUS\\Desktop\\Projects\\public_html\\vendor\\laravel\\framework\\src\\Illuminate\\Foundation\\Application.php(1057): Illuminate\\Container\\Container->make('App\\\\Http\\\\Middle...', Array)
#5 C:\\Users\\ASUS\\Desktop\\Projects\\public_html\\vendor\\laravel\\framework\\src\\Illuminate\\Foundation\\Http\\Kernel.php(257): Illuminate\\Foundation\\Application->make('App\\\\Http\\\\Middle...')
#6 C:\\Users\\ASUS\\Desktop\\Projects\\public_html\\vendor\\laravel\\framework\\src\\Illuminate\\Foundation\\Http\\Kernel.php(215): Illuminate\\Foundation\\Http\\Kernel->terminateMiddleware(Object(Illuminate\\Http\\Request), Object(Illuminate\\Http\\Response))
#7 C:\\Users\\ASUS\\Desktop\\Projects\\public_html\\vendor\\laravel\\framework\\src\\Illuminate\\Foundation\\Application.php(1221): Illuminate\\Foundation\\Http\\Kernel->terminate(Object(Illuminate\\Http\\Request), Object(Illuminate\\Http\\Response))
#8 C:\\Users\\ASUS\\Desktop\\Projects\\public_html\\public\\index.php(19): Illuminate\\Foundation\\Application->handleRequest(Object(Illuminate\\Http\\Request))
#9 C:\\Users\\ASUS\\Desktop\\Projects\\public_html\\vendor\\laravel\\framework\\src\\Illuminate\\Foundation\\resources\\server.php(23): require_once('C:\\\\Users\\\\ASUS\\\\D...')
#10 {main}
"} 
[2026-03-25 17:02:46] local.ERROR: Target class [App\Http\Middleware\ForceHttps] does not exist. {"exception":"[object] (Illuminate\\Contracts\\Container\\BindingResolutionException(code: 0): Target class [App\\Http\\Middleware\\ForceHttps] does not exist. at C:\\Users\\ASUS\\Desktop\\Projects\\public_html\\vendor\\laravel\\framework\\src\\Illuminate\\Container\\Container.php:1019)
[stacktrace]
#0 C:\\Users\\ASUS\\Desktop\\Projects\\public_html\\vendor\\laravel\\framework\\src\\Illuminate\\Container\\Container.php(890): Illuminate\\Container\\Container->build('App\\\\Http\\\\Middle...')
#1 C:\\Users\\ASUS\\Desktop\\Projects\\public_html\\vendor\\laravel\\framework\\src\\Illuminate\\Foundation\\Application.php(1077): Illuminate\\Container\\Container->resolve('App\\\\Http\\\\Middle...', Array, true)
#2 C:\\Users\\ASUS\\Desktop\\Projects\\public_html\\vendor\\laravel\\framework\\src\\Illuminate\\Container\\Container.php(821): Illuminate\\Foundation\\Application->resolve('App\\\\Http\\\\Middle...', Array)
#3 C:\\Users\\ASUS\\Desktop\\Projects\\public_html\\vendor\\laravel\\framework\\src\\Illuminate\\Foundation\\Application.php(1057): Illuminate\\Container\\Container->make('App\\\\Http\\\\Middle...', Array)
#4 C:\\Users\\ASUS\\Desktop\\Projects\\public_html\\vendor\\laravel\\framework\\src\\Illuminate\\Pipeline\\Pipeline.php(197): Illuminate\\Foundation\\Application->make('App\\\\Http\\\\Middle...')
#5 C:\\Users\\ASUS\\Desktop\\Projects\\public_html\\vendor\\laravel\\framework\\src\\Illuminate\\Foundation\\Http\\Middleware\\TransformsRequest.php(21): Illuminate\\Pipeline\\Pipeline->Illuminate\\Pipeline\\{closure}(Object(Illuminate\\Http\\Request))
#6 C:\\Users\\ASUS\\Desktop\\Projects\\public_html\\vendor\\laravel\\framework\\src\\Illuminate\\Foundation\\Http\\Middleware\\ConvertEmptyStringsToNull.php(31): Illuminate\\Foundation\\Http\\Middleware\\TransformsRequest->handle(Object(Illuminate\\Http\\Request), Object(Closure))
#7 C:\\Users\\ASUS\\Desktop\\Projects\\public_html\\vendor\\laravel\\framework\\src\\Illuminate\\Pipeline\\Pipeline.php(208): Illuminate\\Foundation\\Http\\Middleware\\ConvertEmptyStringsToNull->handle(Object(Illuminate\\Http\\Request), Object(Closure))
#8 C:\\Users\\ASUS\\Desktop\\Projects\\public_html\\vendor\\laravel\\framework\\src\\Illuminate\\Foundation\\Http\\Middleware\\TransformsRequest.php(21): Illuminate\\Pipeline\\Pipeline->Illuminate\\Pipeline\\{closure}(Object(Illuminate\\Http\\Request))
#9 C:\\Users\\ASUS\\Desktop\\Projects\\public_html\\vendor\\laravel\\framework\\src\\Illuminate\\Foundation\\Http\\Middleware\\TrimStrings.php(51): Illuminate\\Foundation\\Http\\Middleware\\TransformsRequest->handle(Object(Illuminate\\Http\\Request), Object(Closure))
#10 C:\\Users\\ASUS\\Desktop\\Projects\\public_html\\vendor\\laravel\\framework\\src\\Illuminate\\Pipeline\\Pipeline.php(208): Illuminate\\Foundation\\Http\\Middleware\\TrimStrings->handle(Object(Illuminate\\Http\\Request), Object(Closure))
#11 C:\\Users\\ASUS\\Desktop\\Projects\\public_html\\vendor\\laravel\\framework\\src\\Illuminate\\Http\\Middleware\\ValidatePostSize.php(27): Illuminate\\Pipeline\\Pipeline->Illuminate\\Pipeline\\{closure}(Object(Illuminate\\Http\\Request))
#12 C:\\Users\\ASUS\\Desktop\\Projects\\public_html\\vendor\\laravel\\framework\\src\\Illuminate\\Pipeline\\Pipeline.php(208): Illuminate\\Http\\Middleware\\ValidatePostSize->handle(Object(Illuminate\\Http\\Request), Object(Closure))
#13 C:\\Users\\ASUS\\Desktop\\Projects\\public_html\\vendor\\laravel\\framework\\src\\Illuminate\\Foundation\\Http\\Middleware\\PreventRequestsDuringMaintenance.php(109): Illuminate\\Pipeline\\Pipeline->Illuminate\\Pipeline\\{closure}(Object(Illuminate\\Http\\Request))
#14 C:\\Users\\ASUS\\Desktop\\Projects\\public_html\\vendor\\laravel\\framework\\src\\Illuminate\\Pipeline\\Pipeline.php(208): Illuminate\\Foundation\\Http\\Middleware\\PreventRequestsDuringMaintenance->handle(Object(Illuminate\\Http\\Request), Object(Closure))
#15 C:\\Users\\ASUS\\Desktop\\Projects\\public_html\\vendor\\laravel\\framework\\src\\Illuminate\\Http\\Middleware\\HandleCors.php(48): Illuminate\\Pipeline\\Pipeline->Illuminate\\Pipeline\\{closure}(Object(Illuminate\\Http\\Request))
#16 C:\\Users\\ASUS\\Desktop\\Projects\\public_html\\vendor\\laravel\\framework\\src\\Illuminate\\Pipeline\\Pipeline.php(208): Illuminate\\Http\\Middleware\\HandleCors->handle(Object(Illuminate\\Http\\Request), Object(Closure))
#17 C:\\Users\\ASUS\\Desktop\\Projects\\public_html\\vendor\\laravel\\framework\\src\\Illuminate\\Http\\Middleware\\TrustProxies.php(58): Illuminate\\Pipeline\\Pipeline->Illuminate\\Pipeline\\{closure}(Object(Illuminate\\Http\\Request))
#18 C:\\Users\\ASUS\\Desktop\\Projects\\public_html\\vendor\\laravel\\framework\\src\\Illuminate\\Pipeline\\Pipeline.php(208): Illuminate\\Http\\Middleware\\TrustProxies->handle(Object(Illuminate\\Http\\Request), Object(Closure))
#19 C:\\Users\\ASUS\\Desktop\\Projects\\public_html\\vendor\\laravel\\framework\\src\\Illuminate\\Foundation\\Http\\Middleware\\InvokeDeferredCallbacks.php(22): Illuminate\\Pipeline\\Pipeline->Illuminate\\Pipeline\\{closure}(Object(Illuminate\\Http\\Request))
#20 C:\\Users\\ASUS\\Desktop\\Projects\\public_html\\vendor\\laravel\\framework\\src\\Illuminate\\Pipeline\\Pipeline.php(208): Illuminate\\Foundation\\Http\\Middleware\\InvokeDeferredCallbacks->handle(Object(Illuminate\\Http\\Request), Object(Closure))
#21 C:\\Users\\ASUS\\Desktop\\Projects\\public_html\\vendor\\laravel\\framework\\src\\Illuminate\\Http\\Middleware\\ValidatePathEncoding.php(26): Illuminate\\Pipeline\\Pipeline->Illuminate\\Pipeline\\{closure}(Object(Illuminate\\Http\\Request))
#22 C:\\Users\\ASUS\\Desktop\\Projects\\public_html\\vendor\\laravel\\framework\\src\\Illuminate\\Pipeline\\Pipeline.php(208): Illuminate\\Http\\Middleware\\ValidatePathEncoding->handle(Object(Illuminate\\Http\\Request), Object(Closure))
#23 C:\\Users\\ASUS\\Desktop\\Projects\\public_html\\vendor\\laravel\\framework\\src\\Illuminate\\Pipeline\\Pipeline.php(126): Illuminate\\Pipeline\\Pipeline->Illuminate\\Pipeline\\{closure}(Object(Illuminate\\Http\\Request))
#24 C:\\Users\\ASUS\\Desktop\\Projects\\public_html\\vendor\\laravel\\framework\\src\\Illuminate\\Foundation\\Http\\Kernel.php(175): Illuminate\\Pipeline\\Pipeline->then(Object(Closure))
#25 C:\\Users\\ASUS\\Desktop\\Projects\\public_html\\vendor\\laravel\\framework\\src\\Illuminate\\Foundation\\Http\\Kernel.php(144): Illuminate\\Foundation\\Http\\Kernel->sendRequestThroughRouter(Object(Illuminate\\Http\\Request))
#26 C:\\Users\\ASUS\\Desktop\\Projects\\public_html\\vendor\\laravel\\framework\\src\\Illuminate\\Foundation\\Application.php(1219): Illuminate\\Foundation\\Http\\Kernel->handle(Object(Illuminate\\Http\\Request))
#27 C:\\Users\\ASUS\\Desktop\\Projects\\public_html\\public\\index.php(19): Illuminate\\Foundation\\Application->handleRequest(Object(Illuminate\\Http\\Request))
#28 C:\\Users\\ASUS\\Desktop\\Projects\\public_html\\vendor\\laravel\\framework\\src\\Illuminate\\Foundation\\resources\\server.php(23): require_once('C:\\\\Users\\\\ASUS\\\\D...')
#29 {main}

[previous exception] [object] (ReflectionException(code: -1): Class \"App\\Http\\Middleware\\ForceHttps\" does not exist at C:\\Users\\ASUS\\Desktop\\Projects\\public_html\\vendor\\laravel\\framework\\src\\Illuminate\\Container\\Container.php:1017)
[stacktrace]
#0 C:\\Users\\ASUS\\Desktop\\Projects\\public_html\\vendor\\laravel\\framework\\src\\Illuminate\\Container\\Container.php(1017): ReflectionClass->__construct('App\\\\Http\\\\Middle...')
#1 C:\\Users\\ASUS\\Desktop\\Projects\\public_html\\vendor\\laravel\\framework\\src\\Illuminate\\Container\\Container.php(890): Illuminate\\Container\\Container->build('App\\\\Http\\\\Middle...')
#2 C:\\Users\\ASUS\\Desktop\\Projects\\public_html\\vendor\\laravel\\framework\\src\\Illuminate\\Foundation\\Application.php(1077): Illuminate\\Container\\Container->resolve('App\\\\Http\\\\Middle...', Array, true)
#3 C:\\Users\\ASUS\\Desktop\\Projects\\public_html\\vendor\\laravel\\framework\\src\\Illuminate\\Container\\Container.php(821): Illuminate\\Foundation\\Application->resolve('App\\\\Http\\\\Middle...', Array)
#4 C:\\Users\\ASUS\\Desktop\\Projects\\public_html\\vendor\\laravel\\framework\\src\\Illuminate\\Foundation\\Application.php(1057): Illuminate\\Container\\Container->make('App\\\\Http\\\\Middle...', Array)
#5 C:\\Users\\ASUS\\Desktop\\Projects\\public_html\\vendor\\laravel\\framework\\src\\Illuminate\\Pipeline\\Pipeline.php(197): Illuminate\\Foundation\\Application->make('App\\\\Http\\\\Middle...')
#6 C:\\Users\\ASUS\\Desktop\\Projects\\public_html\\vendor\\laravel\\framework\\src\\Illuminate\\Foundation\\Http\\Middleware\\TransformsRequest.php(21): Illuminate\\Pipeline\\Pipeline->Illuminate\\Pipeline\\{closure}(Object(Illuminate\\Http\\Request))
#7 C:\\Users\\ASUS\\Desktop\\Projects\\public_html\\vendor\\laravel\\framework\\src\\Illuminate\\Foundation\\Http\\Middleware\\ConvertEmptyStringsToNull.php(31): Illuminate\\Foundation\\Http\\Middleware\\TransformsRequest->handle(Object(Illuminate\\Http\\Request), Object(Closure))
#8 C:\\Users\\ASUS\\Desktop\\Projects\\public_html\\vendor\\laravel\\framework\\src\\Illuminate\\Pipeline\\Pipeline.php(208): Illuminate\\Foundation\\Http\\Middleware\\ConvertEmptyStringsToNull->handle(Object(Illuminate\\Http\\Request), Object(Closure))
#9 C:\\Users\\ASUS\\Desktop\\Projects\\public_html\\vendor\\laravel\\framework\\src\\Illuminate\\Foundation\\Http\\Middleware\\TransformsRequest.php(21): Illuminate\\Pipeline\\Pipeline->Illuminate\\Pipeline\\{closure}(Object(Illuminate\\Http\\Request))
#10 C:\\Users\\ASUS\\Desktop\\Projects\\public_html\\vendor\\laravel\\framework\\src\\Illuminate\\Foundation\\Http\\Middleware\\TrimStrings.php(51): Illuminate\\Foundation\\Http\\Middleware\\TransformsRequest->handle(Object(Illuminate\\Http\\Request), Object(Closure))
#11 C:\\Users\\ASUS\\Desktop\\Projects\\public_html\\vendor\\laravel\\framework\\src\\Illuminate\\Pipeline\\Pipeline.php(208): Illuminate\\Foundation\\Http\\Middleware\\TrimStrings->handle(Object(Illuminate\\Http\\Request), Object(Closure))
#12 C:\\Users\\ASUS\\Desktop\\Projects\\public_html\\vendor\\laravel\\framework\\src\\Illuminate\\Http\\Middleware\\ValidatePostSize.php(27): Illuminate\\Pipeline\\Pipeline->Illuminate\\Pipeline\\{closure}(Object(Illuminate\\Http\\Request))
#13 C:\\Users\\ASUS\\Desktop\\Projects\\public_html\\vendor\\laravel\\framework\\src\\Illuminate\\Pipeline\\Pipeline.php(208): Illuminate\\Http\\Middleware\\ValidatePostSize->handle(Object(Illuminate\\Http\\Request), Object(Closure))
#14 C:\\Users\\ASUS\\Desktop\\Projects\\public_html\\vendor\\laravel\\framework\\src\\Illuminate\\Foundation\\Http\\Middleware\\PreventRequestsDuringMaintenance.php(109): Illuminate\\Pipeline\\Pipeline->Illuminate\\Pipeline\\{closure}(Object(Illuminate\\Http\\Request))
#15 C:\\Users\\ASUS\\Desktop\\Projects\\public_html\\vendor\\laravel\\framework\\src\\Illuminate\\Pipeline\\Pipeline.php(208): Illuminate\\Foundation\\Http\\Middleware\\PreventRequestsDuringMaintenance->handle(Object(Illuminate\\Http\\Request), Object(Closure))
#16 C:\\Users\\ASUS\\Desktop\\Projects\\public_html\\vendor\\laravel\\framework\\src\\Illuminate\\Http\\Middleware\\HandleCors.php(48): Illuminate\\Pipeline\\Pipeline->Illuminate\\Pipeline\\{closure}(Object(Illuminate\\Http\\Request))
#17 C:\\Users\\ASUS\\Desktop\\Projects\\public_html\\vendor\\laravel\\framework\\src\\Illuminate\\Pipeline\\Pipeline.php(208): Illuminate\\Http\\Middleware\\HandleCors->handle(Object(Illuminate\\Http\\Request), Object(Closure))
#18 C:\\Users\\ASUS\\Desktop\\Projects\\public_html\\vendor\\laravel\\framework\\src\\Illuminate\\Http\\Middleware\\TrustProxies.php(58): Illuminate\\Pipeline\\Pipeline->Illuminate\\Pipeline\\{closure}(Object(Illuminate\\Http\\Request))
#19 C:\\Users\\ASUS\\Desktop\\Projects\\public_html\\vendor\\laravel\\framework\\src\\Illuminate\\Pipeline\\Pipeline.php(208): Illuminate\\Http\\Middleware\\TrustProxies->handle(Object(Illuminate\\Http\\Request), Object(Closure))
#20 C:\\Users\\ASUS\\Desktop\\Projects\\public_html\\vendor\\laravel\\framework\\src\\Illuminate\\Foundation\\Http\\Middleware\\InvokeDeferredCallbacks.php(22): Illuminate\\Pipeline\\Pipeline->Illuminate\\Pipeline\\{closure}(Object(Illuminate\\Http\\Request))
#21 C:\\Users\\ASUS\\Desktop\\Projects\\public_html\\vendor\\laravel\\framework\\src\\Illuminate\\Pipeline\\Pipeline.php(208): Illuminate\\Foundation\\Http\\Middleware\\InvokeDeferredCallbacks->handle(Object(Illuminate\\Http\\Request), Object(Closure))
#22 C:\\Users\\ASUS\\Desktop\\Projects\\public_html\\vendor\\laravel\\framework\\src\\Illuminate\\Http\\Middleware\\ValidatePathEncoding.php(26): Illuminate\\Pipeline\\Pipeline->Illuminate\\Pipeline\\{closure}(Object(Illuminate\\Http\\Request))
#23 C:\\Users\\ASUS\\Desktop\\Projects\\public_html\\vendor\\laravel\\framework\\src\\Illuminate\\Pipeline\\Pipeline.php(208): Illuminate\\Http\\Middleware\\ValidatePathEncoding->handle(Object(Illuminate\\Http\\Request), Object(Closure))
#24 C:\\Users\\ASUS\\Desktop\\Projects\\public_html\\vendor\\laravel\\framework\\src\\Illuminate\\Pipeline\\Pipeline.php(126): Illuminate\\Pipeline\\Pipeline->Illuminate\\Pipeline\\{closure}(Object(Illuminate\\Http\\Request))
#25 C:\\Users\\ASUS\\Desktop\\Projects\\public_html\\vendor\\laravel\\framework\\src\\Illuminate\\Foundation\\Http\\Kernel.php(175): Illuminate\\Pipeline\\Pipeline->then(Object(Closure))
#26 C:\\Users\\ASUS\\Desktop\\Projects\\public_html\\vendor\\laravel\\framework\\src\\Illuminate\\Foundation\\Http\\Kernel.php(144): Illuminate\\Foundation\\Http\\Kernel->sendRequestThroughRouter(Object(Illuminate\\Http\\Request))
#27 C:\\Users\\ASUS\\Desktop\\Projects\\public_html\\vendor\\laravel\\framework\\src\\Illuminate\\Foundation\\Application.php(1219): Illuminate\\Foundation\\Http\\Kernel->handle(Object(Illuminate\\Http\\Request))
#28 C:\\Users\\ASUS\\Desktop\\Projects\\public_html\\public\\index.php(19): Illuminate\\Foundation\\Application->handleRequest(Object(Illuminate\\Http\\Request))
#29 C:\\Users\\ASUS\\Desktop\\Projects\\public_html\\vendor\\laravel\\framework\\src\\Illuminate\\Foundation\\resources\\server.php(23): require_once('C:\\\\Users\\\\ASUS\\\\D...')
#30 {main}
"} 
[2026-03-25 17:02:50] local.ERROR: Target class [App\Http\Middleware\ForceHttps] does not exist. {"exception":"[object] (Illuminate\\Contracts\\Container\\BindingResolutionException(code: 0): Target class [App\\Http\\Middleware\\ForceHttps] does not exist. at C:\\Users\\ASUS\\Desktop\\Projects\\public_html\\vendor\\laravel\\framework\\src\\Illuminate\\Container\\Container.php:1019)
[stacktrace]
#0 C:\\Users\\ASUS\\Desktop\\Projects\\public_html\\vendor\\laravel\\framework\\src\\Illuminate\\Container\\Container.php(890): Illuminate\\Container\\Container->build('App\\\\Http\\\\Middle...')
#1 C:\\Users\\ASUS\\Desktop\\Projects\\public_html\\vendor\\laravel\\framework\\src\\Illuminate\\Foundation\\Application.php(1077): Illuminate\\Container\\Container->resolve('App\\\\Http\\\\Middle...', Array, true)
#2 C:\\Users\\ASUS\\Desktop\\Projects\\public_html\\vendor\\laravel\\framework\\src\\Illuminate\\Container\\Container.php(821): Illuminate\\Foundation\\Application->resolve('App\\\\Http\\\\Middle...', Array)
#3 C:\\Users\\ASUS\\Desktop\\Projects\\public_html\\vendor\\laravel\\framework\\src\\Illuminate\\Foundation\\Application.php(1057): Illuminate\\Container\\Container->make('App\\\\Http\\\\Middle...', Array)
#4 C:\\Users\\ASUS\\Desktop\\Projects\\public_html\\vendor\\laravel\\framework\\src\\Illuminate\\Foundation\\Http\\Kernel.php(257): Illuminate\\Foundation\\Application->make('App\\\\Http\\\\Middle...')
#5 C:\\Users\\ASUS\\Desktop\\Projects\\public_html\\vendor\\laravel\\framework\\src\\Illuminate\\Foundation\\Http\\Kernel.php(215): Illuminate\\Foundation\\Http\\Kernel->terminateMiddleware(Object(Illuminate\\Http\\Request), Object(Illuminate\\Http\\Response))
#6 C:\\Users\\ASUS\\Desktop\\Projects\\public_html\\vendor\\laravel\\framework\\src\\Illuminate\\Foundation\\Application.php(1221): Illuminate\\Foundation\\Http\\Kernel->terminate(Object(Illuminate\\Http\\Request), Object(Illuminate\\Http\\Response))
#7 C:\\Users\\ASUS\\Desktop\\Projects\\public_html\\public\\index.php(19): Illuminate\\Foundation\\Application->handleRequest(Object(Illuminate\\Http\\Request))
#8 C:\\Users\\ASUS\\Desktop\\Projects\\public_html\\vendor\\laravel\\framework\\src\\Illuminate\\Foundation\\resources\\server.php(23): require_once('C:\\\\Users\\\\ASUS\\\\D...')
#9 {main}

[previous exception] [object] (ReflectionException(code: -1): Class \"App\\Http\\Middleware\\ForceHttps\" does not exist at C:\\Users\\ASUS\\Desktop\\Projects\\public_html\\vendor\\laravel\\framework\\src\\Illuminate\\Container\\Container.php:1017)
[stacktrace]
#0 C:\\Users\\ASUS\\Desktop\\Projects\\public_html\\vendor\\laravel\\framework\\src\\Illuminate\\Container\\Container.php(1017): ReflectionClass->__construct('App\\\\Http\\\\Middle...')
#1 C:\\Users\\ASUS\\Desktop\\Projects\\public_html\\vendor\\laravel\\framework\\src\\Illuminate\\Container\\Container.php(890): Illuminate\\Container\\Container->build('App\\\\Http\\\\Middle...')
#2 C:\\Users\\ASUS\\Desktop\\Projects\\public_html\\vendor\\laravel\\framework\\src\\Illuminate\\Foundation\\Application.php(1077): Illuminate\\Container\\Container->resolve('App\\\\Http\\\\Middle...', Array, true)
#3 C:\\Users\\ASUS\\Desktop\\Projects\\public_html\\vendor\\laravel\\framework\\src\\Illuminate\\Container\\Container.php(821): Illuminate\\Foundation\\Application->resolve('App\\\\Http\\\\Middle...', Array)
#4 C:\\Users\\ASUS\\Desktop\\Projects\\public_html\\vendor\\laravel\\framework\\src\\Illuminate\\Foundation\\Application.php(1057): Illuminate\\Container\\Container->make('App\\\\Http\\\\Middle...', Array)
#5 C:\\Users\\ASUS\\Desktop\\Projects\\public_html\\vendor\\laravel\\framework\\src\\Illuminate\\Foundation\\Http\\Kernel.php(257): Illuminate\\Foundation\\Application->make('App\\\\Http\\\\Middle...')
#6 C:\\Users\\ASUS\\Desktop\\Projects\\public_html\\vendor\\laravel\\framework\\src\\Illuminate\\Foundation\\Http\\Kernel.php(215): Illuminate\\Foundation\\Http\\Kernel->terminateMiddleware(Object(Illuminate\\Http\\Request), Object(Illuminate\\Http\\Response))
#7 C:\\Users\\ASUS\\Desktop\\Projects\\public_html\\vendor\\laravel\\framework\\src\\Illuminate\\Foundation\\Application.php(1221): Illuminate\\Foundation\\Http\\Kernel->terminate(Object(Illuminate\\Http\\Request), Object(Illuminate\\Http\\Response))
#8 C:\\Users\\ASUS\\Desktop\\Projects\\public_html\\public\\index.php(19): Illuminate\\Foundation\\Application->handleRequest(Object(Illuminate\\Http\\Request))
#9 C:\\Users\\ASUS\\Desktop\\Projects\\public_html\\vendor\\laravel\\framework\\src\\Illuminate\\Foundation\\resources\\server.php(23): require_once('C:\\\\Users\\\\ASUS\\\\D...')
#10 {main}
"} 
[2026-03-25 17:03:51] local.ERROR: Target class [App\Http\Middleware\ForceHttps] does not exist. {"exception":"[object] (Illuminate\\Contracts\\Container\\BindingResolutionException(code: 0): Target class [App\\Http\\Middleware\\ForceHttps] does not exist. at C:\\Users\\ASUS\\Desktop\\Projects\\public_html\\vendor\\laravel\\framework\\src\\Illuminate\\Container\\Container.php:1019)
[stacktrace]
#0 C:\\Users\\ASUS\\Desktop\\Projects\\public_html\\vendor\\laravel\\framework\\src\\Illuminate\\Container\\Container.php(890): Illuminate\\Container\\Container->build('App\\\\Http\\\\Middle...')
#1 C:\\Users\\ASUS\\Desktop\\Projects\\public_html\\vendor\\laravel\\framework\\src\\Illuminate\\Foundation\\Application.php(1077): Illuminate\\Container\\Container->resolve('App\\\\Http\\\\Middle...', Array, true)
#2 C:\\Users\\ASUS\\Desktop\\Projects\\public_html\\vendor\\laravel\\framework\\src\\Illuminate\\Container\\Container.php(821): Illuminate\\Foundation\\Application->resolve('App\\\\Http\\\\Middle...', Array)
#3 C:\\Users\\ASUS\\Desktop\\Projects\\public_html\\vendor\\laravel\\framework\\src\\Illuminate\\Foundation\\Application.php(1057): Illuminate\\Container\\Container->make('App\\\\Http\\\\Middle...', Array)
#4 C:\\Users\\ASUS\\Desktop\\Projects\\public_html\\vendor\\laravel\\framework\\src\\Illuminate\\Pipeline\\Pipeline.php(197): Illuminate\\Foundation\\Application->make('App\\\\Http\\\\Middle...')
#5 C:\\Users\\ASUS\\Desktop\\Projects\\public_html\\vendor\\laravel\\framework\\src\\Illuminate\\Foundation\\Http\\Middleware\\TransformsRequest.php(21): Illuminate\\Pipeline\\Pipeline->Illuminate\\Pipeline\\{closure}(Object(Illuminate\\Http\\Request))
#6 C:\\Users\\ASUS\\Desktop\\Projects\\public_html\\vendor\\laravel\\framework\\src\\Illuminate\\Foundation\\Http\\Middleware\\ConvertEmptyStringsToNull.php(31): Illuminate\\Foundation\\Http\\Middleware\\TransformsRequest->handle(Object(Illuminate\\Http\\Request), Object(Closure))
#7 C:\\Users\\ASUS\\Desktop\\Projects\\public_html\\vendor\\laravel\\framework\\src\\Illuminate\\Pipeline\\Pipeline.php(208): Illuminate\\Foundation\\Http\\Middleware\\ConvertEmptyStringsToNull->handle(Object(Illuminate\\Http\\Request), Object(Closure))
#8 C:\\Users\\ASUS\\Desktop\\Projects\\public_html\\vendor\\laravel\\framework\\src\\Illuminate\\Foundation\\Http\\Middleware\\TransformsRequest.php(21): Illuminate\\Pipeline\\Pipeline->Illuminate\\Pipeline\\{closure}(Object(Illuminate\\Http\\Request))
#9 C:\\Users\\ASUS\\Desktop\\Projects\\public_html\\vendor\\laravel\\framework\\src\\Illuminate\\Foundation\\Http\\Middleware\\TrimStrings.php(51): Illuminate\\Foundation\\Http\\Middleware\\TransformsRequest->handle(Object(Illuminate\\Http\\Request), Object(Closure))
#10 C:\\Users\\ASUS\\Desktop\\Projects\\public_html\\vendor\\laravel\\framework\\src\\Illuminate\\Pipeline\\Pipeline.php(208): Illuminate\\Foundation\\Http\\Middleware\\TrimStrings->handle(Object(Illuminate\\Http\\Request), Object(Closure))
#11 C:\\Users\\ASUS\\Desktop\\Projects\\public_html\\vendor\\laravel\\framework\\src\\Illuminate\\Http\\Middleware\\ValidatePostSize.php(27): Illuminate\\Pipeline\\Pipeline->Illuminate\\Pipeline\\{closure}(Object(Illuminate\\Http\\Request))
#12 C:\\Users\\ASUS\\Desktop\\Projects\\public_html\\vendor\\laravel\\framework\\src\\Illuminate\\Pipeline\\Pipeline.php(208): Illuminate\\Http\\Middleware\\ValidatePostSize->handle(Object(Illuminate\\Http\\Request), Object(Closure))
#13 C:\\Users\\ASUS\\Desktop\\Projects\\public_html\\vendor\\laravel\\framework\\src\\Illuminate\\Foundation\\Http\\Middleware\\PreventRequestsDuringMaintenance.php(109): Illuminate\\Pipeline\\Pipeline->Illuminate\\Pipeline\\{closure}(Object(Illuminate\\Http\\Request))
#14 C:\\Users\\ASUS\\Desktop\\Projects\\public_html\\vendor\\laravel\\framework\\src\\Illuminate\\Pipeline\\Pipeline.php(208): Illuminate\\Foundation\\Http\\Middleware\\PreventRequestsDuringMaintenance->handle(Object(Illuminate\\Http\\Request), Object(Closure))
#15 C:\\Users\\ASUS\\Desktop\\Projects\\public_html\\vendor\\laravel\\framework\\src\\Illuminate\\Http\\Middleware\\HandleCors.php(48): Illuminate\\Pipeline\\Pipeline->Illuminate\\Pipeline\\{closure}(Object(Illuminate\\Http\\Request))
#16 C:\\Users\\ASUS\\Desktop\\Projects\\public_html\\vendor\\laravel\\framework\\src\\Illuminate\\Pipeline\\Pipeline.php(208): Illuminate\\Http\\Middleware\\HandleCors->handle(Object(Illuminate\\Http\\Request), Object(Closure))
#17 C:\\Users\\ASUS\\Desktop\\Projects\\public_html\\vendor\\laravel\\framework\\src\\Illuminate\\Http\\Middleware\\TrustProxies.php(58): Illuminate\\Pipeline\\Pipeline->Illuminate\\Pipeline\\{closure}(Object(Illuminate\\Http\\Request))
#18 C:\\Users\\ASUS\\Desktop\\Projects\\public_html\\vendor\\laravel\\framework\\src\\Illuminate\\Pipeline\\Pipeline.php(208): Illuminate\\Http\\Middleware\\TrustProxies->handle(Object(Illuminate\\Http\\Request), Object(Closure))
#19 C:\\Users\\ASUS\\Desktop\\Projects\\public_html\\vendor\\laravel\\framework\\src\\Illuminate\\Foundation\\Http\\Middleware\\InvokeDeferredCallbacks.php(22): Illuminate\\Pipeline\\Pipeline->Illuminate\\Pipeline\\{closure}(Object(Illuminate\\Http\\Request))
#20 C:\\Users\\ASUS\\Desktop\\Projects\\public_html\\vendor\\laravel\\framework\\src\\Illuminate\\Pipeline\\Pipeline.php(208): Illuminate\\Foundation\\Http\\Middleware\\InvokeDeferredCallbacks->handle(Object(Illuminate\\Http\\Request), Object(Closure))
#21 C:\\Users\\ASUS\\Desktop\\Projects\\public_html\\vendor\\laravel\\framework\\src\\Illuminate\\Http\\Middleware\\ValidatePathEncoding.php(26): Illuminate\\Pipeline\\Pipeline->Illuminate\\Pipeline\\{closure}(Object(Illuminate\\Http\\Request))
#22 C:\\Users\\ASUS\\Desktop\\Projects\\public_html\\vendor\\laravel\\framework\\src\\Illuminate\\Pipeline\\Pipeline.php(208): Illuminate\\Http\\Middleware\\ValidatePathEncoding->handle(Object(Illuminate\\Http\\Request), Object(Closure))
#23 C:\\Users\\ASUS\\Desktop\\Projects\\public_html\\vendor\\laravel\\framework\\src\\Illuminate\\Pipeline\\Pipeline.php(126): Illuminate\\Pipeline\\Pipeline->Illuminate\\Pipeline\\{closure}(Object(Illuminate\\Http\\Request))
#24 C:\\Users\\ASUS\\Desktop\\Projects\\public_html\\vendor\\laravel\\framework\\src\\Illuminate\\Foundation\\Http\\Kernel.php(175): Illuminate\\Pipeline\\Pipeline->then(Object(Closure))
#25 C:\\Users\\ASUS\\Desktop\\Projects\\public_html\\vendor\\laravel\\framework\\src\\Illuminate\\Foundation\\Http\\Kernel.php(144): Illuminate\\Foundation\\Http\\Kernel->sendRequestThroughRouter(Object(Illuminate\\Http\\Request))
#26 C:\\Users\\ASUS\\Desktop\\Projects\\public_html\\vendor\\laravel\\framework\\src\\Illuminate\\Foundation\\Application.php(1219): Illuminate\\Foundation\\Http\\Kernel->handle(Object(Illuminate\\Http\\Request))
#27 C:\\Users\\ASUS\\Desktop\\Projects\\public_html\\public\\index.php(19): Illuminate\\Foundation\\Application->handleRequest(Object(Illuminate\\Http\\Request))
#28 C:\\Users\\ASUS\\Desktop\\Projects\\public_html\\vendor\\laravel\\framework\\src\\Illuminate\\Foundation\\resources\\server.php(23): require_once('C:\\\\Users\\\\ASUS\\\\D...')
#29 {main}

[previous exception] [object] (ReflectionException(code: -1): Class \"App\\Http\\Middleware\\ForceHttps\" does not exist at C:\\Users\\ASUS\\Desktop\\Projects\\public_html\\vendor\\laravel\\framework\\src\\Illuminate\\Container\\Container.php:1017)
[stacktrace]
#0 C:\\Users\\ASUS\\Desktop\\Projects\\public_html\\vendor\\laravel\\framework\\src\\Illuminate\\Container\\Container.php(1017): ReflectionClass->__construct('App\\\\Http\\\\Middle...')
#1 C:\\Users\\ASUS\\Desktop\\Projects\\public_html\\vendor\\laravel\\framework\\src\\Illuminate\\Container\\Container.php(890): Illuminate\\Container\\Container->build('App\\\\Http\\\\Middle...')
#2 C:\\Users\\ASUS\\Desktop\\Projects\\public_html\\vendor\\laravel\\framework\\src\\Illuminate\\Foundation\\Application.php(1077): Illuminate\\Container\\Container->resolve('App\\\\Http\\\\Middle...', Array, true)
#3 C:\\Users\\ASUS\\Desktop\\Projects\\public_html\\vendor\\laravel\\framework\\src\\Illuminate\\Container\\Container.php(821): Illuminate\\Foundation\\Application->resolve('App\\\\Http\\\\Middle...', Array)
#4 C:\\Users\\ASUS\\Desktop\\Projects\\public_html\\vendor\\laravel\\framework\\src\\Illuminate\\Foundation\\Application.php(1057): Illuminate\\Container\\Container->make('App\\\\Http\\\\Middle...', Array)
#5 C:\\Users\\ASUS\\Desktop\\Projects\\public_html\\vendor\\laravel\\framework\\src\\Illuminate\\Pipeline\\Pipeline.php(197): Illuminate\\Foundation\\Application->make('App\\\\Http\\\\Middle...')
#6 C:\\Users\\ASUS\\Desktop\\Projects\\public_html\\vendor\\laravel\\framework\\src\\Illuminate\\Foundation\\Http\\Middleware\\TransformsRequest.php(21): Illuminate\\Pipeline\\Pipeline->Illuminate\\Pipeline\\{closure}(Object(Illuminate\\Http\\Request))
#7 C:\\Users\\ASUS\\Desktop\\Projects\\public_html\\vendor\\laravel\\framework\\src\\Illuminate\\Foundation\\Http\\Middleware\\ConvertEmptyStringsToNull.php(31): Illuminate\\Foundation\\Http\\Middleware\\TransformsRequest->handle(Object(Illuminate\\Http\\Request), Object(Closure))
#8 C:\\Users\\ASUS\\Desktop\\Projects\\public_html\\vendor\\laravel\\framework\\src\\Illuminate\\Pipeline\\Pipeline.php(208): Illuminate\\Foundation\\Http\\Middleware\\ConvertEmptyStringsToNull->handle(Object(Illuminate\\Http\\Request), Object(Closure))
#9 C:\\Users\\ASUS\\Desktop\\Projects\\public_html\\vendor\\laravel\\framework\\src\\Illuminate\\Foundation\\Http\\Middleware\\TransformsRequest.php(21): Illuminate\\Pipeline\\Pipeline->Illuminate\\Pipeline\\{closure}(Object(Illuminate\\Http\\Request))
#10 C:\\Users\\ASUS\\Desktop\\Projects\\public_html\\vendor\\laravel\\framework\\src\\Illuminate\\Foundation\\Http\\Middleware\\TrimStrings.php(51): Illuminate\\Foundation\\Http\\Middleware\\TransformsRequest->handle(Object(Illuminate\\Http\\Request), Object(Closure))
#11 C:\\Users\\ASUS\\Desktop\\Projects\\public_html\\vendor\\laravel\\framework\\src\\Illuminate\\Pipeline\\Pipeline.php(208): Illuminate\\Foundation\\Http\\Middleware\\TrimStrings->handle(Object(Illuminate\\Http\\Request), Object(Closure))
#12 C:\\Users\\ASUS\\Desktop\\Projects\\public_html\\vendor\\laravel\\framework\\src\\Illuminate\\Http\\Middleware\\ValidatePostSize.php(27): Illuminate\\Pipeline\\Pipeline->Illuminate\\Pipeline\\{closure}(Object(Illuminate\\Http\\Request))
#13 C:\\Users\\ASUS\\Desktop\\Projects\\public_html\\vendor\\laravel\\framework\\src\\Illuminate\\Pipeline\\Pipeline.php(208): Illuminate\\Http\\Middleware\\ValidatePostSize->handle(Object(Illuminate\\Http\\Request), Object(Closure))
#14 C:\\Users\\ASUS\\Desktop\\Projects\\public_html\\vendor\\laravel\\framework\\src\\Illuminate\\Foundation\\Http\\Middleware\\PreventRequestsDuringMaintenance.php(109): Illuminate\\Pipeline\\Pipeline->Illuminate\\Pipeline\\{closure}(Object(Illuminate\\Http\\Request))
#15 C:\\Users\\ASUS\\Desktop\\Projects\\public_html\\vendor\\laravel\\framework\\src\\Illuminate\\Pipeline\\Pipeline.php(208): Illuminate\\Foundation\\Http\\Middleware\\PreventRequestsDuringMaintenance->handle(Object(Illuminate\\Http\\Request), Object(Closure))
#16 C:\\Users\\ASUS\\Desktop\\Projects\\public_html\\vendor\\laravel\\framework\\src\\Illuminate\\Http\\Middleware\\HandleCors.php(48): Illuminate\\Pipeline\\Pipeline->Illuminate\\Pipeline\\{closure}(Object(Illuminate\\Http\\Request))
#17 C:\\Users\\ASUS\\Desktop\\Projects\\public_html\\vendor\\laravel\\framework\\src\\Illuminate\\Pipeline\\Pipeline.php(208): Illuminate\\Http\\Middleware\\HandleCors->handle(Object(Illuminate\\Http\\Request), Object(Closure))
#18 C:\\Users\\ASUS\\Desktop\\Projects\\public_html\\vendor\\laravel\\framework\\src\\Illuminate\\Http\\Middleware\\TrustProxies.php(58): Illuminate\\Pipeline\\Pipeline->Illuminate\\Pipeline\\{closure}(Object(Illuminate\\Http\\Request))
#19 C:\\Users\\ASUS\\Desktop\\Projects\\public_html\\vendor\\laravel\\framework\\src\\Illuminate\\Pipeline\\Pipeline.php(208): Illuminate\\Http\\Middleware\\TrustProxies->handle(Object(Illuminate\\Http\\Request), Object(Closure))
#20 C:\\Users\\ASUS\\Desktop\\Projects\\public_html\\vendor\\laravel\\framework\\src\\Illuminate\\Foundation\\Http\\Middleware\\InvokeDeferredCallbacks.php(22): Illuminate\\Pipeline\\Pipeline->Illuminate\\Pipeline\\{closure}(Object(Illuminate\\Http\\Request))
#21 C:\\Users\\ASUS\\Desktop\\Projects\\public_html\\vendor\\laravel\\framework\\src\\Illuminate\\Pipeline\\Pipeline.php(208): Illuminate\\Foundation\\Http\\Middleware\\InvokeDeferredCallbacks->handle(Object(Illuminate\\Http\\Request), Object(Closure))
#22 C:\\Users\\ASUS\\Desktop\\Projects\\public_html\\vendor\\laravel\\framework\\src\\Illuminate\\Http\\Middleware\\ValidatePathEncoding.php(26): Illuminate\\Pipeline\\Pipeline->Illuminate\\Pipeline\\{closure}(Object(Illuminate\\Http\\Request))
#23 C:\\Users\\ASUS\\Desktop\\Projects\\public_html\\vendor\\laravel\\framework\\src\\Illuminate\\Pipeline\\Pipeline.php(208): Illuminate\\Http\\Middleware\\ValidatePathEncoding->handle(Object(Illuminate\\Http\\Request), Object(Closure))
#24 C:\\Users\\ASUS\\Desktop\\Projects\\public_html\\vendor\\laravel\\framework\\src\\Illuminate\\Pipeline\\Pipeline.php(126): Illuminate\\Pipeline\\Pipeline->Illuminate\\Pipeline\\{closure}(Object(Illuminate\\Http\\Request))
#25 C:\\Users\\ASUS\\Desktop\\Projects\\public_html\\vendor\\laravel\\framework\\src\\Illuminate\\Foundation\\Http\\Kernel.php(175): Illuminate\\Pipeline\\Pipeline->then(Object(Closure))
#26 C:\\Users\\ASUS\\Desktop\\Projects\\public_html\\vendor\\laravel\\framework\\src\\Illuminate\\Foundation\\Http\\Kernel.php(144): Illuminate\\Foundation\\Http\\Kernel->sendRequestThroughRouter(Object(Illuminate\\Http\\Request))
#27 C:\\Users\\ASUS\\Desktop\\Projects\\public_html\\vendor\\laravel\\framework\\src\\Illuminate\\Foundation\\Application.php(1219): Illuminate\\Foundation\\Http\\Kernel->handle(Object(Illuminate\\Http\\Request))
#28 C:\\Users\\ASUS\\Desktop\\Projects\\public_html\\public\\index.php(19): Illuminate\\Foundation\\Application->handleRequest(Object(Illuminate\\Http\\Request))
#29 C:\\Users\\ASUS\\Desktop\\Projects\\public_html\\vendor\\laravel\\framework\\src\\Illuminate\\Foundation\\resources\\server.php(23): require_once('C:\\\\Users\\\\ASUS\\\\D...')
#30 {main}
"} 
[2026-03-25 17:03:54] local.ERROR: Target class [App\Http\Middleware\ForceHttps] does not exist. {"exception":"[object] (Illuminate\\Contracts\\Container\\BindingResolutionException(code: 0): Target class [App\\Http\\Middleware\\ForceHttps] does not exist. at C:\\Users\\ASUS\\Desktop\\Projects\\public_html\\vendor\\laravel\\framework\\src\\Illuminate\\Container\\Container.php:1019)
[stacktrace]
#0 C:\\Users\\ASUS\\Desktop\\Projects\\public_html\\vendor\\laravel\\framework\\src\\Illuminate\\Container\\Container.php(890): Illuminate\\Container\\Container->build('App\\\\Http\\\\Middle...')
#1 C:\\Users\\ASUS\\Desktop\\Projects\\public_html\\vendor\\laravel\\framework\\src\\Illuminate\\Foundation\\Application.php(1077): Illuminate\\Container\\Container->resolve('App\\\\Http\\\\Middle...', Array, true)
#2 C:\\Users\\ASUS\\Desktop\\Projects\\public_html\\vendor\\laravel\\framework\\src\\Illuminate\\Container\\Container.php(821): Illuminate\\Foundation\\Application->resolve('App\\\\Http\\\\Middle...', Array)
#3 C:\\Users\\ASUS\\Desktop\\Projects\\public_html\\vendor\\laravel\\framework\\src\\Illuminate\\Foundation\\Application.php(1057): Illuminate\\Container\\Container->make('App\\\\Http\\\\Middle...', Array)
#4 C:\\Users\\ASUS\\Desktop\\Projects\\public_html\\vendor\\laravel\\framework\\src\\Illuminate\\Foundation\\Http\\Kernel.php(257): Illuminate\\Foundation\\Application->make('App\\\\Http\\\\Middle...')
#5 C:\\Users\\ASUS\\Desktop\\Projects\\public_html\\vendor\\laravel\\framework\\src\\Illuminate\\Foundation\\Http\\Kernel.php(215): Illuminate\\Foundation\\Http\\Kernel->terminateMiddleware(Object(Illuminate\\Http\\Request), Object(Illuminate\\Http\\Response))
#6 C:\\Users\\ASUS\\Desktop\\Projects\\public_html\\vendor\\laravel\\framework\\src\\Illuminate\\Foundation\\Application.php(1221): Illuminate\\Foundation\\Http\\Kernel->terminate(Object(Illuminate\\Http\\Request), Object(Illuminate\\Http\\Response))
#7 C:\\Users\\ASUS\\Desktop\\Projects\\public_html\\public\\index.php(19): Illuminate\\Foundation\\Application->handleRequest(Object(Illuminate\\Http\\Request))
#8 C:\\Users\\ASUS\\Desktop\\Projects\\public_html\\vendor\\laravel\\framework\\src\\Illuminate\\Foundation\\resources\\server.php(23): require_once('C:\\\\Users\\\\ASUS\\\\D...')
#9 {main}

[previous exception] [object] (ReflectionException(code: -1): Class \"App\\Http\\Middleware\\ForceHttps\" does not exist at C:\\Users\\ASUS\\Desktop\\Projects\\public_html\\vendor\\laravel\\framework\\src\\Illuminate\\Container\\Container.php:1017)
[stacktrace]
#0 C:\\Users\\ASUS\\Desktop\\Projects\\public_html\\vendor\\laravel\\framework\\src\\Illuminate\\Container\\Container.php(1017): ReflectionClass->__construct('App\\\\Http\\\\Middle...')
#1 C:\\Users\\ASUS\\Desktop\\Projects\\public_html\\vendor\\laravel\\framework\\src\\Illuminate\\Container\\Container.php(890): Illuminate\\Container\\Container->build('App\\\\Http\\\\Middle...')
#2 C:\\Users\\ASUS\\Desktop\\Projects\\public_html\\vendor\\laravel\\framework\\src\\Illuminate\\Foundation\\Application.php(1077): Illuminate\\Container\\Container->resolve('App\\\\Http\\\\Middle...', Array, true)
#3 C:\\Users\\ASUS\\Desktop\\Projects\\public_html\\vendor\\laravel\\framework\\src\\Illuminate\\Container\\Container.php(821): Illuminate\\Foundation\\Application->resolve('App\\\\Http\\\\Middle...', Array)
#4 C:\\Users\\ASUS\\Desktop\\Projects\\public_html\\vendor\\laravel\\framework\\src\\Illuminate\\Foundation\\Application.php(1057): Illuminate\\Container\\Container->make('App\\\\Http\\\\Middle...', Array)
#5 C:\\Users\\ASUS\\Desktop\\Projects\\public_html\\vendor\\laravel\\framework\\src\\Illuminate\\Foundation\\Http\\Kernel.php(257): Illuminate\\Foundation\\Application->make('App\\\\Http\\\\Middle...')
#6 C:\\Users\\ASUS\\Desktop\\Projects\\public_html\\vendor\\laravel\\framework\\src\\Illuminate\\Foundation\\Http\\Kernel.php(215): Illuminate\\Foundation\\Http\\Kernel->terminateMiddleware(Object(Illuminate\\Http\\Request), Object(Illuminate\\Http\\Response))
#7 C:\\Users\\ASUS\\Desktop\\Projects\\public_html\\vendor\\laravel\\framework\\src\\Illuminate\\Foundation\\Application.php(1221): Illuminate\\Foundation\\Http\\Kernel->terminate(Object(Illuminate\\Http\\Request), Object(Illuminate\\Http\\Response))
#8 C:\\Users\\ASUS\\Desktop\\Projects\\public_html\\public\\index.php(19): Illuminate\\Foundation\\Application->handleRequest(Object(Illuminate\\Http\\Request))
#9 C:\\Users\\ASUS\\Desktop\\Projects\\public_html\\vendor\\laravel\\framework\\src\\Illuminate\\Foundation\\resources\\server.php(23): require_once('C:\\\\Users\\\\ASUS\\\\D...')
#10 {main}
"} 
[2026-03-25 17:03:56] local.ERROR: Target class [App\Http\Middleware\ForceHttps] does not exist. {"exception":"[object] (Illuminate\\Contracts\\Container\\BindingResolutionException(code: 0): Target class [App\\Http\\Middleware\\ForceHttps] does not exist. at C:\\Users\\ASUS\\Desktop\\Projects\\public_html\\vendor\\laravel\\framework\\src\\Illuminate\\Container\\Container.php:1019)
[stacktrace]
#0 C:\\Users\\ASUS\\Desktop\\Projects\\public_html\\vendor\\laravel\\framework\\src\\Illuminate\\Container\\Container.php(890): Illuminate\\Container\\Container->build('App\\\\Http\\\\Middle...')
#1 C:\\Users\\ASUS\\Desktop\\Projects\\public_html\\vendor\\laravel\\framework\\src\\Illuminate\\Foundation\\Application.php(1077): Illuminate\\Container\\Container->resolve('App\\\\Http\\\\Middle...', Array, true)
#2 C:\\Users\\ASUS\\Desktop\\Projects\\public_html\\vendor\\laravel\\framework\\src\\Illuminate\\Container\\Container.php(821): Illuminate\\Foundation\\Application->resolve('App\\\\Http\\\\Middle...', Array)
#3 C:\\Users\\ASUS\\Desktop\\Projects\\public_html\\vendor\\laravel\\framework\\src\\Illuminate\\Foundation\\Application.php(1057): Illuminate\\Container\\Container->make('App\\\\Http\\\\Middle...', Array)
#4 C:\\Users\\ASUS\\Desktop\\Projects\\public_html\\vendor\\laravel\\framework\\src\\Illuminate\\Pipeline\\Pipeline.php(197): Illuminate\\Foundation\\Application->make('App\\\\Http\\\\Middle...')
#5 C:\\Users\\ASUS\\Desktop\\Projects\\public_html\\vendor\\laravel\\framework\\src\\Illuminate\\Foundation\\Http\\Middleware\\TransformsRequest.php(21): Illuminate\\Pipeline\\Pipeline->Illuminate\\Pipeline\\{closure}(Object(Illuminate\\Http\\Request))
#6 C:\\Users\\ASUS\\Desktop\\Projects\\public_html\\vendor\\laravel\\framework\\src\\Illuminate\\Foundation\\Http\\Middleware\\ConvertEmptyStringsToNull.php(31): Illuminate\\Foundation\\Http\\Middleware\\TransformsRequest->handle(Object(Illuminate\\Http\\Request), Object(Closure))
#7 C:\\Users\\ASUS\\Desktop\\Projects\\public_html\\vendor\\laravel\\framework\\src\\Illuminate\\Pipeline\\Pipeline.php(208): Illuminate\\Foundation\\Http\\Middleware\\ConvertEmptyStringsToNull->handle(Object(Illuminate\\Http\\Request), Object(Closure))
#8 C:\\Users\\ASUS\\Desktop\\Projects\\public_html\\vendor\\laravel\\framework\\src\\Illuminate\\Foundation\\Http\\Middleware\\TransformsRequest.php(21): Illuminate\\Pipeline\\Pipeline->Illuminate\\Pipeline\\{closure}(Object(Illuminate\\Http\\Request))
#9 C:\\Users\\ASUS\\Desktop\\Projects\\public_html\\vendor\\laravel\\framework\\src\\Illuminate\\Foundation\\Http\\Middleware\\TrimStrings.php(51): Illuminate\\Foundation\\Http\\Middleware\\TransformsRequest->handle(Object(Illuminate\\Http\\Request), Object(Closure))
#10 C:\\Users\\ASUS\\Desktop\\Projects\\public_html\\vendor\\laravel\\framework\\src\\Illuminate\\Pipeline\\Pipeline.php(208): Illuminate\\Foundation\\Http\\Middleware\\TrimStrings->handle(Object(Illuminate\\Http\\Request), Object(Closure))
#11 C:\\Users\\ASUS\\Desktop\\Projects\\public_html\\vendor\\laravel\\framework\\src\\Illuminate\\Http\\Middleware\\ValidatePostSize.php(27): Illuminate\\Pipeline\\Pipeline->Illuminate\\Pipeline\\{closure}(Object(Illuminate\\Http\\Request))
#12 C:\\Users\\ASUS\\Desktop\\Projects\\public_html\\vendor\\laravel\\framework\\src\\Illuminate\\Pipeline\\Pipeline.php(208): Illuminate\\Http\\Middleware\\ValidatePostSize->handle(Object(Illuminate\\Http\\Request), Object(Closure))
#13 C:\\Users\\ASUS\\Desktop\\Projects\\public_html\\vendor\\laravel\\framework\\src\\Illuminate\\Foundation\\Http\\Middleware\\PreventRequestsDuringMaintenance.php(109): Illuminate\\Pipeline\\Pipeline->Illuminate\\Pipeline\\{closure}(Object(Illuminate\\Http\\Request))
#14 C:\\Users\\ASUS\\Desktop\\Projects\\public_html\\vendor\\laravel\\framework\\src\\Illuminate\\Pipeline\\Pipeline.php(208): Illuminate\\Foundation\\Http\\Middleware\\PreventRequestsDuringMaintenance->handle(Object(Illuminate\\Http\\Request), Object(Closure))
#15 C:\\Users\\ASUS\\Desktop\\Projects\\public_html\\vendor\\laravel\\framework\\src\\Illuminate\\Http\\Middleware\\HandleCors.php(48): Illuminate\\Pipeline\\Pipeline->Illuminate\\Pipeline\\{closure}(Object(Illuminate\\Http\\Request))
#16 C:\\Users\\ASUS\\Desktop\\Projects\\public_html\\vendor\\laravel\\framework\\src\\Illuminate\\Pipeline\\Pipeline.php(208): Illuminate\\Http\\Middleware\\HandleCors->handle(Object(Illuminate\\Http\\Request), Object(Closure))
#17 C:\\Users\\ASUS\\Desktop\\Projects\\public_html\\vendor\\laravel\\framework\\src\\Illuminate\\Http\\Middleware\\TrustProxies.php(58): Illuminate\\Pipeline\\Pipeline->Illuminate\\Pipeline\\{closure}(Object(Illuminate\\Http\\Request))
#18 C:\\Users\\ASUS\\Desktop\\Projects\\public_html\\vendor\\laravel\\framework\\src\\Illuminate\\Pipeline\\Pipeline.php(208): Illuminate\\Http\\Middleware\\TrustProxies->handle(Object(Illuminate\\Http\\Request), Object(Closure))
#19 C:\\Users\\ASUS\\Desktop\\Projects\\public_html\\vendor\\laravel\\framework\\src\\Illuminate\\Foundation\\Http\\Middleware\\InvokeDeferredCallbacks.php(22): Illuminate\\Pipeline\\Pipeline->Illuminate\\Pipeline\\{closure}(Object(Illuminate\\Http\\Request))
#20 C:\\Users\\ASUS\\Desktop\\Projects\\public_html\\vendor\\laravel\\framework\\src\\Illuminate\\Pipeline\\Pipeline.php(208): Illuminate\\Foundation\\Http\\Middleware\\InvokeDeferredCallbacks->handle(Object(Illuminate\\Http\\Request), Object(Closure))
#21 C:\\Users\\ASUS\\Desktop\\Projects\\public_html\\vendor\\laravel\\framework\\src\\Illuminate\\Http\\Middleware\\ValidatePathEncoding.php(26): Illuminate\\Pipeline\\Pipeline->Illuminate\\Pipeline\\{closure}(Object(Illuminate\\Http\\Request))
#22 C:\\Users\\ASUS\\Desktop\\Projects\\public_html\\vendor\\laravel\\framework\\src\\Illuminate\\Pipeline\\Pipeline.php(208): Illuminate\\Http\\Middleware\\ValidatePathEncoding->handle(Object(Illuminate\\Http\\Request), Object(Closure))
#23 C:\\Users\\ASUS\\Desktop\\Projects\\public_html\\vendor\\laravel\\framework\\src\\Illuminate\\Pipeline\\Pipeline.php(126): Illuminate\\Pipeline\\Pipeline->Illuminate\\Pipeline\\{closure}(Object(Illuminate\\Http\\Request))
#24 C:\\Users\\ASUS\\Desktop\\Projects\\public_html\\vendor\\laravel\\framework\\src\\Illuminate\\Foundation\\Http\\Kernel.php(175): Illuminate\\Pipeline\\Pipeline->then(Object(Closure))
#25 C:\\Users\\ASUS\\Desktop\\Projects\\public_html\\vendor\\laravel\\framework\\src\\Illuminate\\Foundation\\Http\\Kernel.php(144): Illuminate\\Foundation\\Http\\Kernel->sendRequestThroughRouter(Object(Illuminate\\Http\\Request))
#26 C:\\Users\\ASUS\\Desktop\\Projects\\public_html\\vendor\\laravel\\framework\\src\\Illuminate\\Foundation\\Application.php(1219): Illuminate\\Foundation\\Http\\Kernel->handle(Object(Illuminate\\Http\\Request))
#27 C:\\Users\\ASUS\\Desktop\\Projects\\public_html\\public\\index.php(19): Illuminate\\Foundation\\Application->handleRequest(Object(Illuminate\\Http\\Request))
#28 C:\\Users\\ASUS\\Desktop\\Projects\\public_html\\vendor\\laravel\\framework\\src\\Illuminate\\Foundation\\resources\\server.php(23): require_once('C:\\\\Users\\\\ASUS\\\\D...')
#29 {main}

[previous exception] [object] (ReflectionException(code: -1): Class \"App\\Http\\Middleware\\ForceHttps\" does not exist at C:\\Users\\ASUS\\Desktop\\Projects\\public_html\\vendor\\laravel\\framework\\src\\Illuminate\\Container\\Container.php:1017)
[stacktrace]
#0 C:\\Users\\ASUS\\Desktop\\Projects\\public_html\\vendor\\laravel\\framework\\src\\Illuminate\\Container\\Container.php(1017): ReflectionClass->__construct('App\\\\Http\\\\Middle...')
#1 C:\\Users\\ASUS\\Desktop\\Projects\\public_html\\vendor\\laravel\\framework\\src\\Illuminate\\Container\\Container.php(890): Illuminate\\Container\\Container->build('App\\\\Http\\\\Middle...')
#2 C:\\Users\\ASUS\\Desktop\\Projects\\public_html\\vendor\\laravel\\framework\\src\\Illuminate\\Foundation\\Application.php(1077): Illuminate\\Container\\Container->resolve('App\\\\Http\\\\Middle...', Array, true)
#3 C:\\Users\\ASUS\\Desktop\\Projects\\public_html\\vendor\\laravel\\framework\\src\\Illuminate\\Container\\Container.php(821): Illuminate\\Foundation\\Application->resolve('App\\\\Http\\\\Middle...', Array)
#4 C:\\Users\\ASUS\\Desktop\\Projects\\public_html\\vendor\\laravel\\framework\\src\\Illuminate\\Foundation\\Application.php(1057): Illuminate\\Container\\Container->make('App\\\\Http\\\\Middle...', Array)
#5 C:\\Users\\ASUS\\Desktop\\Projects\\public_html\\vendor\\laravel\\framework\\src\\Illuminate\\Pipeline\\Pipeline.php(197): Illuminate\\Foundation\\Application->make('App\\\\Http\\\\Middle...')
#6 C:\\Users\\ASUS\\Desktop\\Projects\\public_html\\vendor\\laravel\\framework\\src\\Illuminate\\Foundation\\Http\\Middleware\\TransformsRequest.php(21): Illuminate\\Pipeline\\Pipeline->Illuminate\\Pipeline\\{closure}(Object(Illuminate\\Http\\Request))
#7 C:\\Users\\ASUS\\Desktop\\Projects\\public_html\\vendor\\laravel\\framework\\src\\Illuminate\\Foundation\\Http\\Middleware\\ConvertEmptyStringsToNull.php(31): Illuminate\\Foundation\\Http\\Middleware\\TransformsRequest->handle(Object(Illuminate\\Http\\Request), Object(Closure))
#8 C:\\Users\\ASUS\\Desktop\\Projects\\public_html\\vendor\\laravel\\framework\\src\\Illuminate\\Pipeline\\Pipeline.php(208): Illuminate\\Foundation\\Http\\Middleware\\ConvertEmptyStringsToNull->handle(Object(Illuminate\\Http\\Request), Object(Closure))
#9 C:\\Users\\ASUS\\Desktop\\Projects\\public_html\\vendor\\laravel\\framework\\src\\Illuminate\\Foundation\\Http\\Middleware\\TransformsRequest.php(21): Illuminate\\Pipeline\\Pipeline->Illuminate\\Pipeline\\{closure}(Object(Illuminate\\Http\\Request))
#10 C:\\Users\\ASUS\\Desktop\\Projects\\public_html\\vendor\\laravel\\framework\\src\\Illuminate\\Foundation\\Http\\Middleware\\TrimStrings.php(51): Illuminate\\Foundation\\Http\\Middleware\\TransformsRequest->handle(Object(Illuminate\\Http\\Request), Object(Closure))
#11 C:\\Users\\ASUS\\Desktop\\Projects\\public_html\\vendor\\laravel\\framework\\src\\Illuminate\\Pipeline\\Pipeline.php(208): Illuminate\\Foundation\\Http\\Middleware\\TrimStrings->handle(Object(Illuminate\\Http\\Request), Object(Closure))
#12 C:\\Users\\ASUS\\Desktop\\Projects\\public_html\\vendor\\laravel\\framework\\src\\Illuminate\\Http\\Middleware\\ValidatePostSize.php(27): Illuminate\\Pipeline\\Pipeline->Illuminate\\Pipeline\\{closure}(Object(Illuminate\\Http\\Request))
#13 C:\\Users\\ASUS\\Desktop\\Projects\\public_html\\vendor\\laravel\\framework\\src\\Illuminate\\Pipeline\\Pipeline.php(208): Illuminate\\Http\\Middleware\\ValidatePostSize->handle(Object(Illuminate\\Http\\Request), Object(Closure))
#14 C:\\Users\\ASUS\\Desktop\\Projects\\public_html\\vendor\\laravel\\framework\\src\\Illuminate\\Foundation\\Http\\Middleware\\PreventRequestsDuringMaintenance.php(109): Illuminate\\Pipeline\\Pipeline->Illuminate\\Pipeline\\{closure}(Object(Illuminate\\Http\\Request))
#15 C:\\Users\\ASUS\\Desktop\\Projects\\public_html\\vendor\\laravel\\framework\\src\\Illuminate\\Pipeline\\Pipeline.php(208): Illuminate\\Foundation\\Http\\Middleware\\PreventRequestsDuringMaintenance->handle(Object(Illuminate\\Http\\Request), Object(Closure))
#16 C:\\Users\\ASUS\\Desktop\\Projects\\public_html\\vendor\\laravel\\framework\\src\\Illuminate\\Http\\Middleware\\HandleCors.php(48): Illuminate\\Pipeline\\Pipeline->Illuminate\\Pipeline\\{closure}(Object(Illuminate\\Http\\Request))
#17 C:\\Users\\ASUS\\Desktop\\Projects\\public_html\\vendor\\laravel\\framework\\src\\Illuminate\\Pipeline\\Pipeline.php(208): Illuminate\\Http\\Middleware\\HandleCors->handle(Object(Illuminate\\Http\\Request), Object(Closure))
#18 C:\\Users\\ASUS\\Desktop\\Projects\\public_html\\vendor\\laravel\\framework\\src\\Illuminate\\Http\\Middleware\\TrustProxies.php(58): Illuminate\\Pipeline\\Pipeline->Illuminate\\Pipeline\\{closure}(Object(Illuminate\\Http\\Request))
#19 C:\\Users\\ASUS\\Desktop\\Projects\\public_html\\vendor\\laravel\\framework\\src\\Illuminate\\Pipeline\\Pipeline.php(208): Illuminate\\Http\\Middleware\\TrustProxies->handle(Object(Illuminate\\Http\\Request), Object(Closure))
#20 C:\\Users\\ASUS\\Desktop\\Projects\\public_html\\vendor\\laravel\\framework\\src\\Illuminate\\Foundation\\Http\\Middleware\\InvokeDeferredCallbacks.php(22): Illuminate\\Pipeline\\Pipeline->Illuminate\\Pipeline\\{closure}(Object(Illuminate\\Http\\Request))
#21 C:\\Users\\ASUS\\Desktop\\Projects\\public_html\\vendor\\laravel\\framework\\src\\Illuminate\\Pipeline\\Pipeline.php(208): Illuminate\\Foundation\\Http\\Middleware\\InvokeDeferredCallbacks->handle(Object(Illuminate\\Http\\Request), Object(Closure))
#22 C:\\Users\\ASUS\\Desktop\\Projects\\public_html\\vendor\\laravel\\framework\\src\\Illuminate\\Http\\Middleware\\ValidatePathEncoding.php(26): Illuminate\\Pipeline\\Pipeline->Illuminate\\Pipeline\\{closure}(Object(Illuminate\\Http\\Request))
#23 C:\\Users\\ASUS\\Desktop\\Projects\\public_html\\vendor\\laravel\\framework\\src\\Illuminate\\Pipeline\\Pipeline.php(208): Illuminate\\Http\\Middleware\\ValidatePathEncoding->handle(Object(Illuminate\\Http\\Request), Object(Closure))
#24 C:\\Users\\ASUS\\Desktop\\Projects\\public_html\\vendor\\laravel\\framework\\src\\Illuminate\\Pipeline\\Pipeline.php(126): Illuminate\\Pipeline\\Pipeline->Illuminate\\Pipeline\\{closure}(Object(Illuminate\\Http\\Request))
#25 C:\\Users\\ASUS\\Desktop\\Projects\\public_html\\vendor\\laravel\\framework\\src\\Illuminate\\Foundation\\Http\\Kernel.php(175): Illuminate\\Pipeline\\Pipeline->then(Object(Closure))
#26 C:\\Users\\ASUS\\Desktop\\Projects\\public_html\\vendor\\laravel\\framework\\src\\Illuminate\\Foundation\\Http\\Kernel.php(144): Illuminate\\Foundation\\Http\\Kernel->sendRequestThroughRouter(Object(Illuminate\\Http\\Request))
#27 C:\\Users\\ASUS\\Desktop\\Projects\\public_html\\vendor\\laravel\\framework\\src\\Illuminate\\Foundation\\Application.php(1219): Illuminate\\Foundation\\Http\\Kernel->handle(Object(Illuminate\\Http\\Request))
#28 C:\\Users\\ASUS\\Desktop\\Projects\\public_html\\public\\index.php(19): Illuminate\\Foundation\\Application->handleRequest(Object(Illuminate\\Http\\Request))
#29 C:\\Users\\ASUS\\Desktop\\Projects\\public_html\\vendor\\laravel\\framework\\src\\Illuminate\\Foundation\\resources\\server.php(23): require_once('C:\\\\Users\\\\ASUS\\\\D...')
#30 {main}
"} 
[2026-03-25 17:03:58] local.ERROR: Target class [App\Http\Middleware\ForceHttps] does not exist. {"exception":"[object] (Illuminate\\Contracts\\Container\\BindingResolutionException(code: 0): Target class [App\\Http\\Middleware\\ForceHttps] does not exist. at C:\\Users\\ASUS\\Desktop\\Projects\\public_html\\vendor\\laravel\\framework\\src\\Illuminate\\Container\\Container.php:1019)
[stacktrace]
#0 C:\\Users\\ASUS\\Desktop\\Projects\\public_html\\vendor\\laravel\\framework\\src\\Illuminate\\Container\\Container.php(890): Illuminate\\Container\\Container->build('App\\\\Http\\\\Middle...')
#1 C:\\Users\\ASUS\\Desktop\\Projects\\public_html\\vendor\\laravel\\framework\\src\\Illuminate\\Foundation\\Application.php(1077): Illuminate\\Container\\Container->resolve('App\\\\Http\\\\Middle...', Array, true)
#2 C:\\Users\\ASUS\\Desktop\\Projects\\public_html\\vendor\\laravel\\framework\\src\\Illuminate\\Container\\Container.php(821): Illuminate\\Foundation\\Application->resolve('App\\\\Http\\\\Middle...', Array)
#3 C:\\Users\\ASUS\\Desktop\\Projects\\public_html\\vendor\\laravel\\framework\\src\\Illuminate\\Foundation\\Application.php(1057): Illuminate\\Container\\Container->make('App\\\\Http\\\\Middle...', Array)
#4 C:\\Users\\ASUS\\Desktop\\Projects\\public_html\\vendor\\laravel\\framework\\src\\Illuminate\\Foundation\\Http\\Kernel.php(257): Illuminate\\Foundation\\Application->make('App\\\\Http\\\\Middle...')
#5 C:\\Users\\ASUS\\Desktop\\Projects\\public_html\\vendor\\laravel\\framework\\src\\Illuminate\\Foundation\\Http\\Kernel.php(215): Illuminate\\Foundation\\Http\\Kernel->terminateMiddleware(Object(Illuminate\\Http\\Request), Object(Illuminate\\Http\\Response))
#6 C:\\Users\\ASUS\\Desktop\\Projects\\public_html\\vendor\\laravel\\framework\\src\\Illuminate\\Foundation\\Application.php(1221): Illuminate\\Foundation\\Http\\Kernel->terminate(Object(Illuminate\\Http\\Request), Object(Illuminate\\Http\\Response))
#7 C:\\Users\\ASUS\\Desktop\\Projects\\public_html\\public\\index.php(19): Illuminate\\Foundation\\Application->handleRequest(Object(Illuminate\\Http\\Request))
#8 C:\\Users\\ASUS\\Desktop\\Projects\\public_html\\vendor\\laravel\\framework\\src\\Illuminate\\Foundation\\resources\\server.php(23): require_once('C:\\\\Users\\\\ASUS\\\\D...')
#9 {main}

[previous exception] [object] (ReflectionException(code: -1): Class \"App\\Http\\Middleware\\ForceHttps\" does not exist at C:\\Users\\ASUS\\Desktop\\Projects\\public_html\\vendor\\laravel\\framework\\src\\Illuminate\\Container\\Container.php:1017)
[stacktrace]
#0 C:\\Users\\ASUS\\Desktop\\Projects\\public_html\\vendor\\laravel\\framework\\src\\Illuminate\\Container\\Container.php(1017): ReflectionClass->__construct('App\\\\Http\\\\Middle...')
#1 C:\\Users\\ASUS\\Desktop\\Projects\\public_html\\vendor\\laravel\\framework\\src\\Illuminate\\Container\\Container.php(890): Illuminate\\Container\\Container->build('App\\\\Http\\\\Middle...')
#2 C:\\Users\\ASUS\\Desktop\\Projects\\public_html\\vendor\\laravel\\framework\\src\\Illuminate\\Foundation\\Application.php(1077): Illuminate\\Container\\Container->resolve('App\\\\Http\\\\Middle...', Array, true)
#3 C:\\Users\\ASUS\\Desktop\\Projects\\public_html\\vendor\\laravel\\framework\\src\\Illuminate\\Container\\Container.php(821): Illuminate\\Foundation\\Application->resolve('App\\\\Http\\\\Middle...', Array)
#4 C:\\Users\\ASUS\\Desktop\\Projects\\public_html\\vendor\\laravel\\framework\\src\\Illuminate\\Foundation\\Application.php(1057): Illuminate\\Container\\Container->make('App\\\\Http\\\\Middle...', Array)
#5 C:\\Users\\ASUS\\Desktop\\Projects\\public_html\\vendor\\laravel\\framework\\src\\Illuminate\\Foundation\\Http\\Kernel.php(257): Illuminate\\Foundation\\Application->make('App\\\\Http\\\\Middle...')
#6 C:\\Users\\ASUS\\Desktop\\Projects\\public_html\\vendor\\laravel\\framework\\src\\Illuminate\\Foundation\\Http\\Kernel.php(215): Illuminate\\Foundation\\Http\\Kernel->terminateMiddleware(Object(Illuminate\\Http\\Request), Object(Illuminate\\Http\\Response))
#7 C:\\Users\\ASUS\\Desktop\\Projects\\public_html\\vendor\\laravel\\framework\\src\\Illuminate\\Foundation\\Application.php(1221): Illuminate\\Foundation\\Http\\Kernel->terminate(Object(Illuminate\\Http\\Request), Object(Illuminate\\Http\\Response))
#8 C:\\Users\\ASUS\\Desktop\\Projects\\public_html\\public\\index.php(19): Illuminate\\Foundation\\Application->handleRequest(Object(Illuminate\\Http\\Request))
#9 C:\\Users\\ASUS\\Desktop\\Projects\\public_html\\vendor\\laravel\\framework\\src\\Illuminate\\Foundation\\resources\\server.php(23): require_once('C:\\\\Users\\\\ASUS\\\\D...')
#10 {main}
"} 
[2026-03-25 17:04:10] local.ERROR: Target class [App\Http\Middleware\ForceHttps] does not exist. {"exception":"[object] (Illuminate\\Contracts\\Container\\BindingResolutionException(code: 0): Target class [App\\Http\\Middleware\\ForceHttps] does not exist. at C:\\Users\\ASUS\\Desktop\\Projects\\public_html\\vendor\\laravel\\framework\\src\\Illuminate\\Container\\Container.php:1019)
[stacktrace]
#0 C:\\Users\\ASUS\\Desktop\\Projects\\public_html\\vendor\\laravel\\framework\\src\\Illuminate\\Container\\Container.php(890): Illuminate\\Container\\Container->build('App\\\\Http\\\\Middle...')
#1 C:\\Users\\ASUS\\Desktop\\Projects\\public_html\\vendor\\laravel\\framework\\src\\Illuminate\\Foundation\\Application.php(1077): Illuminate\\Container\\Container->resolve('App\\\\Http\\\\Middle...', Array, true)
#2 C:\\Users\\ASUS\\Desktop\\Projects\\public_html\\vendor\\laravel\\framework\\src\\Illuminate\\Container\\Container.php(821): Illuminate\\Foundation\\Application->resolve('App\\\\Http\\\\Middle...', Array)
#3 C:\\Users\\ASUS\\Desktop\\Projects\\public_html\\vendor\\laravel\\framework\\src\\Illuminate\\Foundation\\Application.php(1057): Illuminate\\Container\\Container->make('App\\\\Http\\\\Middle...', Array)
#4 C:\\Users\\ASUS\\Desktop\\Projects\\public_html\\vendor\\laravel\\framework\\src\\Illuminate\\Pipeline\\Pipeline.php(197): Illuminate\\Foundation\\Application->make('App\\\\Http\\\\Middle...')
#5 C:\\Users\\ASUS\\Desktop\\Projects\\public_html\\vendor\\laravel\\framework\\src\\Illuminate\\Foundation\\Http\\Middleware\\TransformsRequest.php(21): Illuminate\\Pipeline\\Pipeline->Illuminate\\Pipeline\\{closure}(Object(Illuminate\\Http\\Request))
#6 C:\\Users\\ASUS\\Desktop\\Projects\\public_html\\vendor\\laravel\\framework\\src\\Illuminate\\Foundation\\Http\\Middleware\\ConvertEmptyStringsToNull.php(31): Illuminate\\Foundation\\Http\\Middleware\\TransformsRequest->handle(Object(Illuminate\\Http\\Request), Object(Closure))
#7 C:\\Users\\ASUS\\Desktop\\Projects\\public_html\\vendor\\laravel\\framework\\src\\Illuminate\\Pipeline\\Pipeline.php(208): Illuminate\\Foundation\\Http\\Middleware\\ConvertEmptyStringsToNull->handle(Object(Illuminate\\Http\\Request), Object(Closure))
#8 C:\\Users\\ASUS\\Desktop\\Projects\\public_html\\vendor\\laravel\\framework\\src\\Illuminate\\Foundation\\Http\\Middleware\\TransformsRequest.php(21): Illuminate\\Pipeline\\Pipeline->Illuminate\\Pipeline\\{closure}(Object(Illuminate\\Http\\Request))
#9 C:\\Users\\ASUS\\Desktop\\Projects\\public_html\\vendor\\laravel\\framework\\src\\Illuminate\\Foundation\\Http\\Middleware\\TrimStrings.php(51): Illuminate\\Foundation\\Http\\Middleware\\TransformsRequest->handle(Object(Illuminate\\Http\\Request), Object(Closure))
#10 C:\\Users\\ASUS\\Desktop\\Projects\\public_html\\vendor\\laravel\\framework\\src\\Illuminate\\Pipeline\\Pipeline.php(208): Illuminate\\Foundation\\Http\\Middleware\\TrimStrings->handle(Object(Illuminate\\Http\\Request), Object(Closure))
#11 C:\\Users\\ASUS\\Desktop\\Projects\\public_html\\vendor\\laravel\\framework\\src\\Illuminate\\Http\\Middleware\\ValidatePostSize.php(27): Illuminate\\Pipeline\\Pipeline->Illuminate\\Pipeline\\{closure}(Object(Illuminate\\Http\\Request))
#12 C:\\Users\\ASUS\\Desktop\\Projects\\public_html\\vendor\\laravel\\framework\\src\\Illuminate\\Pipeline\\Pipeline.php(208): Illuminate\\Http\\Middleware\\ValidatePostSize->handle(Object(Illuminate\\Http\\Request), Object(Closure))
#13 C:\\Users\\ASUS\\Desktop\\Projects\\public_html\\vendor\\laravel\\framework\\src\\Illuminate\\Foundation\\Http\\Middleware\\PreventRequestsDuringMaintenance.php(109): Illuminate\\Pipeline\\Pipeline->Illuminate\\Pipeline\\{closure}(Object(Illuminate\\Http\\Request))
#14 C:\\Users\\ASUS\\Desktop\\Projects\\public_html\\vendor\\laravel\\framework\\src\\Illuminate\\Pipeline\\Pipeline.php(208): Illuminate\\Foundation\\Http\\Middleware\\PreventRequestsDuringMaintenance->handle(Object(Illuminate\\Http\\Request), Object(Closure))
#15 C:\\Users\\ASUS\\Desktop\\Projects\\public_html\\vendor\\laravel\\framework\\src\\Illuminate\\Http\\Middleware\\HandleCors.php(48): Illuminate\\Pipeline\\Pipeline->Illuminate\\Pipeline\\{closure}(Object(Illuminate\\Http\\Request))
#16 C:\\Users\\ASUS\\Desktop\\Projects\\public_html\\vendor\\laravel\\framework\\src\\Illuminate\\Pipeline\\Pipeline.php(208): Illuminate\\Http\\Middleware\\HandleCors->handle(Object(Illuminate\\Http\\Request), Object(Closure))
#17 C:\\Users\\ASUS\\Desktop\\Projects\\public_html\\vendor\\laravel\\framework\\src\\Illuminate\\Http\\Middleware\\TrustProxies.php(58): Illuminate\\Pipeline\\Pipeline->Illuminate\\Pipeline\\{closure}(Object(Illuminate\\Http\\Request))
#18 C:\\Users\\ASUS\\Desktop\\Projects\\public_html\\vendor\\laravel\\framework\\src\\Illuminate\\Pipeline\\Pipeline.php(208): Illuminate\\Http\\Middleware\\TrustProxies->handle(Object(Illuminate\\Http\\Request), Object(Closure))
#19 C:\\Users\\ASUS\\Desktop\\Projects\\public_html\\vendor\\laravel\\framework\\src\\Illuminate\\Foundation\\Http\\Middleware\\InvokeDeferredCallbacks.php(22): Illuminate\\Pipeline\\Pipeline->Illuminate\\Pipeline\\{closure}(Object(Illuminate\\Http\\Request))
#20 C:\\Users\\ASUS\\Desktop\\Projects\\public_html\\vendor\\laravel\\framework\\src\\Illuminate\\Pipeline\\Pipeline.php(208): Illuminate\\Foundation\\Http\\Middleware\\InvokeDeferredCallbacks->handle(Object(Illuminate\\Http\\Request), Object(Closure))
#21 C:\\Users\\ASUS\\Desktop\\Projects\\public_html\\vendor\\laravel\\framework\\src\\Illuminate\\Http\\Middleware\\ValidatePathEncoding.php(26): Illuminate\\Pipeline\\Pipeline->Illuminate\\Pipeline\\{closure}(Object(Illuminate\\Http\\Request))
#22 C:\\Users\\ASUS\\Desktop\\Projects\\public_html\\vendor\\laravel\\framework\\src\\Illuminate\\Pipeline\\Pipeline.php(208): Illuminate\\Http\\Middleware\\ValidatePathEncoding->handle(Object(Illuminate\\Http\\Request), Object(Closure))
#23 C:\\Users\\ASUS\\Desktop\\Projects\\public_html\\vendor\\laravel\\framework\\src\\Illuminate\\Pipeline\\Pipeline.php(126): Illuminate\\Pipeline\\Pipeline->Illuminate\\Pipeline\\{closure}(Object(Illuminate\\Http\\Request))
#24 C:\\Users\\ASUS\\Desktop\\Projects\\public_html\\vendor\\laravel\\framework\\src\\Illuminate\\Foundation\\Http\\Kernel.php(175): Illuminate\\Pipeline\\Pipeline->then(Object(Closure))
#25 C:\\Users\\ASUS\\Desktop\\Projects\\public_html\\vendor\\laravel\\framework\\src\\Illuminate\\Foundation\\Http\\Kernel.php(144): Illuminate\\Foundation\\Http\\Kernel->sendRequestThroughRouter(Object(Illuminate\\Http\\Request))
#26 C:\\Users\\ASUS\\Desktop\\Projects\\public_html\\vendor\\laravel\\framework\\src\\Illuminate\\Foundation\\Application.php(1219): Illuminate\\Foundation\\Http\\Kernel->handle(Object(Illuminate\\Http\\Request))
#27 C:\\Users\\ASUS\\Desktop\\Projects\\public_html\\public\\index.php(19): Illuminate\\Foundation\\Application->handleRequest(Object(Illuminate\\Http\\Request))
#28 C:\\Users\\ASUS\\Desktop\\Projects\\public_html\\vendor\\laravel\\framework\\src\\Illuminate\\Foundation\\resources\\server.php(23): require_once('C:\\\\Users\\\\ASUS\\\\D...')
#29 {main}

[previous exception] [object] (ReflectionException(code: -1): Class \"App\\Http\\Middleware\\ForceHttps\" does not exist at C:\\Users\\ASUS\\Desktop\\Projects\\public_html\\vendor\\laravel\\framework\\src\\Illuminate\\Container\\Container.php:1017)
[stacktrace]
#0 C:\\Users\\ASUS\\Desktop\\Projects\\public_html\\vendor\\laravel\\framework\\src\\Illuminate\\Container\\Container.php(1017): ReflectionClass->__construct('App\\\\Http\\\\Middle...')
#1 C:\\Users\\ASUS\\Desktop\\Projects\\public_html\\vendor\\laravel\\framework\\src\\Illuminate\\Container\\Container.php(890): Illuminate\\Container\\Container->build('App\\\\Http\\\\Middle...')
#2 C:\\Users\\ASUS\\Desktop\\Projects\\public_html\\vendor\\laravel\\framework\\src\\Illuminate\\Foundation\\Application.php(1077): Illuminate\\Container\\Container->resolve('App\\\\Http\\\\Middle...', Array, true)
#3 C:\\Users\\ASUS\\Desktop\\Projects\\public_html\\vendor\\laravel\\framework\\src\\Illuminate\\Container\\Container.php(821): Illuminate\\Foundation\\Application->resolve('App\\\\Http\\\\Middle...', Array)
#4 C:\\Users\\ASUS\\Desktop\\Projects\\public_html\\vendor\\laravel\\framework\\src\\Illuminate\\Foundation\\Application.php(1057): Illuminate\\Container\\Container->make('App\\\\Http\\\\Middle...', Array)
#5 C:\\Users\\ASUS\\Desktop\\Projects\\public_html\\vendor\\laravel\\framework\\src\\Illuminate\\Pipeline\\Pipeline.php(197): Illuminate\\Foundation\\Application->make('App\\\\Http\\\\Middle...')
#6 C:\\Users\\ASUS\\Desktop\\Projects\\public_html\\vendor\\laravel\\framework\\src\\Illuminate\\Foundation\\Http\\Middleware\\TransformsRequest.php(21): Illuminate\\Pipeline\\Pipeline->Illuminate\\Pipeline\\{closure}(Object(Illuminate\\Http\\Request))
#7 C:\\Users\\ASUS\\Desktop\\Projects\\public_html\\vendor\\laravel\\framework\\src\\Illuminate\\Foundation\\Http\\Middleware\\ConvertEmptyStringsToNull.php(31): Illuminate\\Foundation\\Http\\Middleware\\TransformsRequest->handle(Object(Illuminate\\Http\\Request), Object(Closure))
#8 C:\\Users\\ASUS\\Desktop\\Projects\\public_html\\vendor\\laravel\\framework\\src\\Illuminate\\Pipeline\\Pipeline.php(208): Illuminate\\Foundation\\Http\\Middleware\\ConvertEmptyStringsToNull->handle(Object(Illuminate\\Http\\Request), Object(Closure))
#9 C:\\Users\\ASUS\\Desktop\\Projects\\public_html\\vendor\\laravel\\framework\\src\\Illuminate\\Foundation\\Http\\Middleware\\TransformsRequest.php(21): Illuminate\\Pipeline\\Pipeline->Illuminate\\Pipeline\\{closure}(Object(Illuminate\\Http\\Request))
#10 C:\\Users\\ASUS\\Desktop\\Projects\\public_html\\vendor\\laravel\\framework\\src\\Illuminate\\Foundation\\Http\\Middleware\\TrimStrings.php(51): Illuminate\\Foundation\\Http\\Middleware\\TransformsRequest->handle(Object(Illuminate\\Http\\Request), Object(Closure))
#11 C:\\Users\\ASUS\\Desktop\\Projects\\public_html\\vendor\\laravel\\framework\\src\\Illuminate\\Pipeline\\Pipeline.php(208): Illuminate\\Foundation\\Http\\Middleware\\TrimStrings->handle(Object(Illuminate\\Http\\Request), Object(Closure))
#12 C:\\Users\\ASUS\\Desktop\\Projects\\public_html\\vendor\\laravel\\framework\\src\\Illuminate\\Http\\Middleware\\ValidatePostSize.php(27): Illuminate\\Pipeline\\Pipeline->Illuminate\\Pipeline\\{closure}(Object(Illuminate\\Http\\Request))
#13 C:\\Users\\ASUS\\Desktop\\Projects\\public_html\\vendor\\laravel\\framework\\src\\Illuminate\\Pipeline\\Pipeline.php(208): Illuminate\\Http\\Middleware\\ValidatePostSize->handle(Object(Illuminate\\Http\\Request), Object(Closure))
#14 C:\\Users\\ASUS\\Desktop\\Projects\\public_html\\vendor\\laravel\\framework\\src\\Illuminate\\Foundation\\Http\\Middleware\\PreventRequestsDuringMaintenance.php(109): Illuminate\\Pipeline\\Pipeline->Illuminate\\Pipeline\\{closure}(Object(Illuminate\\Http\\Request))
#15 C:\\Users\\ASUS\\Desktop\\Projects\\public_html\\vendor\\laravel\\framework\\src\\Illuminate\\Pipeline\\Pipeline.php(208): Illuminate\\Foundation\\Http\\Middleware\\PreventRequestsDuringMaintenance->handle(Object(Illuminate\\Http\\Request), Object(Closure))
#16 C:\\Users\\ASUS\\Desktop\\Projects\\public_html\\vendor\\laravel\\framework\\src\\Illuminate\\Http\\Middleware\\HandleCors.php(48): Illuminate\\Pipeline\\Pipeline->Illuminate\\Pipeline\\{closure}(Object(Illuminate\\Http\\Request))
#17 C:\\Users\\ASUS\\Desktop\\Projects\\public_html\\vendor\\laravel\\framework\\src\\Illuminate\\Pipeline\\Pipeline.php(208): Illuminate\\Http\\Middleware\\HandleCors->handle(Object(Illuminate\\Http\\Request), Object(Closure))
#18 C:\\Users\\ASUS\\Desktop\\Projects\\public_html\\vendor\\laravel\\framework\\src\\Illuminate\\Http\\Middleware\\TrustProxies.php(58): Illuminate\\Pipeline\\Pipeline->Illuminate\\Pipeline\\{closure}(Object(Illuminate\\Http\\Request))
#19 C:\\Users\\ASUS\\Desktop\\Projects\\public_html\\vendor\\laravel\\framework\\src\\Illuminate\\Pipeline\\Pipeline.php(208): Illuminate\\Http\\Middleware\\TrustProxies->handle(Object(Illuminate\\Http\\Request), Object(Closure))
#20 C:\\Users\\ASUS\\Desktop\\Projects\\public_html\\vendor\\laravel\\framework\\src\\Illuminate\\Foundation\\Http\\Middleware\\InvokeDeferredCallbacks.php(22): Illuminate\\Pipeline\\Pipeline->Illuminate\\Pipeline\\{closure}(Object(Illuminate\\Http\\Request))
#21 C:\\Users\\ASUS\\Desktop\\Projects\\public_html\\vendor\\laravel\\framework\\src\\Illuminate\\Pipeline\\Pipeline.php(208): Illuminate\\Foundation\\Http\\Middleware\\InvokeDeferredCallbacks->handle(Object(Illuminate\\Http\\Request), Object(Closure))
#22 C:\\Users\\ASUS\\Desktop\\Projects\\public_html\\vendor\\laravel\\framework\\src\\Illuminate\\Http\\Middleware\\ValidatePathEncoding.php(26): Illuminate\\Pipeline\\Pipeline->Illuminate\\Pipeline\\{closure}(Object(Illuminate\\Http\\Request))
#23 C:\\Users\\ASUS\\Desktop\\Projects\\public_html\\vendor\\laravel\\framework\\src\\Illuminate\\Pipeline\\Pipeline.php(208): Illuminate\\Http\\Middleware\\ValidatePathEncoding->handle(Object(Illuminate\\Http\\Request), Object(Closure))
#24 C:\\Users\\ASUS\\Desktop\\Projects\\public_html\\vendor\\laravel\\framework\\src\\Illuminate\\Pipeline\\Pipeline.php(126): Illuminate\\Pipeline\\Pipeline->Illuminate\\Pipeline\\{closure}(Object(Illuminate\\Http\\Request))
#25 C:\\Users\\ASUS\\Desktop\\Projects\\public_html\\vendor\\laravel\\framework\\src\\Illuminate\\Foundation\\Http\\Kernel.php(175): Illuminate\\Pipeline\\Pipeline->then(Object(Closure))
#26 C:\\Users\\ASUS\\Desktop\\Projects\\public_html\\vendor\\laravel\\framework\\src\\Illuminate\\Foundation\\Http\\Kernel.php(144): Illuminate\\Foundation\\Http\\Kernel->sendRequestThroughRouter(Object(Illuminate\\Http\\Request))
#27 C:\\Users\\ASUS\\Desktop\\Projects\\public_html\\vendor\\laravel\\framework\\src\\Illuminate\\Foundation\\Application.php(1219): Illuminate\\Foundation\\Http\\Kernel->handle(Object(Illuminate\\Http\\Request))
#28 C:\\Users\\ASUS\\Desktop\\Projects\\public_html\\public\\index.php(19): Illuminate\\Foundation\\Application->handleRequest(Object(Illuminate\\Http\\Request))
#29 C:\\Users\\ASUS\\Desktop\\Projects\\public_html\\vendor\\laravel\\framework\\src\\Illuminate\\Foundation\\resources\\server.php(23): require_once('C:\\\\Users\\\\ASUS\\\\D...')
#30 {main}
"} 
[2026-03-25 17:04:11] local.ERROR: Target class [App\Http\Middleware\ForceHttps] does not exist. {"exception":"[object] (Illuminate\\Contracts\\Container\\BindingResolutionException(code: 0): Target class [App\\Http\\Middleware\\ForceHttps] does not exist. at C:\\Users\\ASUS\\Desktop\\Projects\\public_html\\vendor\\laravel\\framework\\src\\Illuminate\\Container\\Container.php:1019)
[stacktrace]
#0 C:\\Users\\ASUS\\Desktop\\Projects\\public_html\\vendor\\laravel\\framework\\src\\Illuminate\\Container\\Container.php(890): Illuminate\\Container\\Container->build('App\\\\Http\\\\Middle...')
#1 C:\\Users\\ASUS\\Desktop\\Projects\\public_html\\vendor\\laravel\\framework\\src\\Illuminate\\Foundation\\Application.php(1077): Illuminate\\Container\\Container->resolve('App\\\\Http\\\\Middle...', Array, true)
#2 C:\\Users\\ASUS\\Desktop\\Projects\\public_html\\vendor\\laravel\\framework\\src\\Illuminate\\Container\\Container.php(821): Illuminate\\Foundation\\Application->resolve('App\\\\Http\\\\Middle...', Array)
#3 C:\\Users\\ASUS\\Desktop\\Projects\\public_html\\vendor\\laravel\\framework\\src\\Illuminate\\Foundation\\Application.php(1057): Illuminate\\Container\\Container->make('App\\\\Http\\\\Middle...', Array)
#4 C:\\Users\\ASUS\\Desktop\\Projects\\public_html\\vendor\\laravel\\framework\\src\\Illuminate\\Foundation\\Http\\Kernel.php(257): Illuminate\\Foundation\\Application->make('App\\\\Http\\\\Middle...')
#5 C:\\Users\\ASUS\\Desktop\\Projects\\public_html\\vendor\\laravel\\framework\\src\\Illuminate\\Foundation\\Http\\Kernel.php(215): Illuminate\\Foundation\\Http\\Kernel->terminateMiddleware(Object(Illuminate\\Http\\Request), Object(Illuminate\\Http\\Response))
#6 C:\\Users\\ASUS\\Desktop\\Projects\\public_html\\vendor\\laravel\\framework\\src\\Illuminate\\Foundation\\Application.php(1221): Illuminate\\Foundation\\Http\\Kernel->terminate(Object(Illuminate\\Http\\Request), Object(Illuminate\\Http\\Response))
#7 C:\\Users\\ASUS\\Desktop\\Projects\\public_html\\public\\index.php(19): Illuminate\\Foundation\\Application->handleRequest(Object(Illuminate\\Http\\Request))
#8 C:\\Users\\ASUS\\Desktop\\Projects\\public_html\\vendor\\laravel\\framework\\src\\Illuminate\\Foundation\\resources\\server.php(23): require_once('C:\\\\Users\\\\ASUS\\\\D...')
#9 {main}

[previous exception] [object] (ReflectionException(code: -1): Class \"App\\Http\\Middleware\\ForceHttps\" does not exist at C:\\Users\\ASUS\\Desktop\\Projects\\public_html\\vendor\\laravel\\framework\\src\\Illuminate\\Container\\Container.php:1017)
[stacktrace]
#0 C:\\Users\\ASUS\\Desktop\\Projects\\public_html\\vendor\\laravel\\framework\\src\\Illuminate\\Container\\Container.php(1017): ReflectionClass->__construct('App\\\\Http\\\\Middle...')
#1 C:\\Users\\ASUS\\Desktop\\Projects\\public_html\\vendor\\laravel\\framework\\src\\Illuminate\\Container\\Container.php(890): Illuminate\\Container\\Container->build('App\\\\Http\\\\Middle...')
#2 C:\\Users\\ASUS\\Desktop\\Projects\\public_html\\vendor\\laravel\\framework\\src\\Illuminate\\Foundation\\Application.php(1077): Illuminate\\Container\\Container->resolve('App\\\\Http\\\\Middle...', Array, true)
#3 C:\\Users\\ASUS\\Desktop\\Projects\\public_html\\vendor\\laravel\\framework\\src\\Illuminate\\Container\\Container.php(821): Illuminate\\Foundation\\Application->resolve('App\\\\Http\\\\Middle...', Array)
#4 C:\\Users\\ASUS\\Desktop\\Projects\\public_html\\vendor\\laravel\\framework\\src\\Illuminate\\Foundation\\Application.php(1057): Illuminate\\Container\\Container->make('App\\\\Http\\\\Middle...', Array)
#5 C:\\Users\\ASUS\\Desktop\\Projects\\public_html\\vendor\\laravel\\framework\\src\\Illuminate\\Foundation\\Http\\Kernel.php(257): Illuminate\\Foundation\\Application->make('App\\\\Http\\\\Middle...')
#6 C:\\Users\\ASUS\\Desktop\\Projects\\public_html\\vendor\\laravel\\framework\\src\\Illuminate\\Foundation\\Http\\Kernel.php(215): Illuminate\\Foundation\\Http\\Kernel->terminateMiddleware(Object(Illuminate\\Http\\Request), Object(Illuminate\\Http\\Response))
#7 C:\\Users\\ASUS\\Desktop\\Projects\\public_html\\vendor\\laravel\\framework\\src\\Illuminate\\Foundation\\Application.php(1221): Illuminate\\Foundation\\Http\\Kernel->terminate(Object(Illuminate\\Http\\Request), Object(Illuminate\\Http\\Response))
#8 C:\\Users\\ASUS\\Desktop\\Projects\\public_html\\public\\index.php(19): Illuminate\\Foundation\\Application->handleRequest(Object(Illuminate\\Http\\Request))
#9 C:\\Users\\ASUS\\Desktop\\Projects\\public_html\\vendor\\laravel\\framework\\src\\Illuminate\\Foundation\\resources\\server.php(23): require_once('C:\\\\Users\\\\ASUS\\\\D...')
#10 {main}
"} 
[2026-03-25 17:14:04] local.ERROR: Target class [App\Http\Middleware\ForceHttps] does not exist. {"exception":"[object] (Illuminate\\Contracts\\Container\\BindingResolutionException(code: 0): Target class [App\\Http\\Middleware\\ForceHttps] does not exist. at C:\\Users\\ASUS\\Desktop\\Projects\\public_html\\vendor\\laravel\\framework\\src\\Illuminate\\Container\\Container.php:1019)
[stacktrace]
#0 C:\\Users\\ASUS\\Desktop\\Projects\\public_html\\vendor\\laravel\\framework\\src\\Illuminate\\Container\\Container.php(890): Illuminate\\Container\\Container->build('App\\\\Http\\\\Middle...')
#1 C:\\Users\\ASUS\\Desktop\\Projects\\public_html\\vendor\\laravel\\framework\\src\\Illuminate\\Foundation\\Application.php(1077): Illuminate\\Container\\Container->resolve('App\\\\Http\\\\Middle...', Array, true)
#2 C:\\Users\\ASUS\\Desktop\\Projects\\public_html\\vendor\\laravel\\framework\\src\\Illuminate\\Container\\Container.php(821): Illuminate\\Foundation\\Application->resolve('App\\\\Http\\\\Middle...', Array)
#3 C:\\Users\\ASUS\\Desktop\\Projects\\public_html\\vendor\\laravel\\framework\\src\\Illuminate\\Foundation\\Application.php(1057): Illuminate\\Container\\Container->make('App\\\\Http\\\\Middle...', Array)
#4 C:\\Users\\ASUS\\Desktop\\Projects\\public_html\\vendor\\laravel\\framework\\src\\Illuminate\\Pipeline\\Pipeline.php(197): Illuminate\\Foundation\\Application->make('App\\\\Http\\\\Middle...')
#5 C:\\Users\\ASUS\\Desktop\\Projects\\public_html\\vendor\\laravel\\framework\\src\\Illuminate\\Foundation\\Http\\Middleware\\TransformsRequest.php(21): Illuminate\\Pipeline\\Pipeline->Illuminate\\Pipeline\\{closure}(Object(Illuminate\\Http\\Request))
#6 C:\\Users\\ASUS\\Desktop\\Projects\\public_html\\vendor\\laravel\\framework\\src\\Illuminate\\Foundation\\Http\\Middleware\\ConvertEmptyStringsToNull.php(31): Illuminate\\Foundation\\Http\\Middleware\\TransformsRequest->handle(Object(Illuminate\\Http\\Request), Object(Closure))
#7 C:\\Users\\ASUS\\Desktop\\Projects\\public_html\\vendor\\laravel\\framework\\src\\Illuminate\\Pipeline\\Pipeline.php(208): Illuminate\\Foundation\\Http\\Middleware\\ConvertEmptyStringsToNull->handle(Object(Illuminate\\Http\\Request), Object(Closure))
#8 C:\\Users\\ASUS\\Desktop\\Projects\\public_html\\vendor\\laravel\\framework\\src\\Illuminate\\Foundation\\Http\\Middleware\\TransformsRequest.php(21): Illuminate\\Pipeline\\Pipeline->Illuminate\\Pipeline\\{closure}(Object(Illuminate\\Http\\Request))
#9 C:\\Users\\ASUS\\Desktop\\Projects\\public_html\\vendor\\laravel\\framework\\src\\Illuminate\\Foundation\\Http\\Middleware\\TrimStrings.php(51): Illuminate\\Foundation\\Http\\Middleware\\TransformsRequest->handle(Object(Illuminate\\Http\\Request), Object(Closure))
#10 C:\\Users\\ASUS\\Desktop\\Projects\\public_html\\vendor\\laravel\\framework\\src\\Illuminate\\Pipeline\\Pipeline.php(208): Illuminate\\Foundation\\Http\\Middleware\\TrimStrings->handle(Object(Illuminate\\Http\\Request), Object(Closure))
#11 C:\\Users\\ASUS\\Desktop\\Projects\\public_html\\vendor\\laravel\\framework\\src\\Illuminate\\Http\\Middleware\\ValidatePostSize.php(27): Illuminate\\Pipeline\\Pipeline->Illuminate\\Pipeline\\{closure}(Object(Illuminate\\Http\\Request))
#12 C:\\Users\\ASUS\\Desktop\\Projects\\public_html\\vendor\\laravel\\framework\\src\\Illuminate\\Pipeline\\Pipeline.php(208): Illuminate\\Http\\Middleware\\ValidatePostSize->handle(Object(Illuminate\\Http\\Request), Object(Closure))
#13 C:\\Users\\ASUS\\Desktop\\Projects\\public_html\\vendor\\laravel\\framework\\src\\Illuminate\\Foundation\\Http\\Middleware\\PreventRequestsDuringMaintenance.php(109): Illuminate\\Pipeline\\Pipeline->Illuminate\\Pipeline\\{closure}(Object(Illuminate\\Http\\Request))
#14 C:\\Users\\ASUS\\Desktop\\Projects\\public_html\\vendor\\laravel\\framework\\src\\Illuminate\\Pipeline\\Pipeline.php(208): Illuminate\\Foundation\\Http\\Middleware\\PreventRequestsDuringMaintenance->handle(Object(Illuminate\\Http\\Request), Object(Closure))
#15 C:\\Users\\ASUS\\Desktop\\Projects\\public_html\\vendor\\laravel\\framework\\src\\Illuminate\\Http\\Middleware\\HandleCors.php(48): Illuminate\\Pipeline\\Pipeline->Illuminate\\Pipeline\\{closure}(Object(Illuminate\\Http\\Request))
#16 C:\\Users\\ASUS\\Desktop\\Projects\\public_html\\vendor\\laravel\\framework\\src\\Illuminate\\Pipeline\\Pipeline.php(208): Illuminate\\Http\\Middleware\\HandleCors->handle(Object(Illuminate\\Http\\Request), Object(Closure))
#17 C:\\Users\\ASUS\\Desktop\\Projects\\public_html\\vendor\\laravel\\framework\\src\\Illuminate\\Http\\Middleware\\TrustProxies.php(58): Illuminate\\Pipeline\\Pipeline->Illuminate\\Pipeline\\{closure}(Object(Illuminate\\Http\\Request))
#18 C:\\Users\\ASUS\\Desktop\\Projects\\public_html\\vendor\\laravel\\framework\\src\\Illuminate\\Pipeline\\Pipeline.php(208): Illuminate\\Http\\Middleware\\TrustProxies->handle(Object(Illuminate\\Http\\Request), Object(Closure))
#19 C:\\Users\\ASUS\\Desktop\\Projects\\public_html\\vendor\\laravel\\framework\\src\\Illuminate\\Foundation\\Http\\Middleware\\InvokeDeferredCallbacks.php(22): Illuminate\\Pipeline\\Pipeline->Illuminate\\Pipeline\\{closure}(Object(Illuminate\\Http\\Request))
#20 C:\\Users\\ASUS\\Desktop\\Projects\\public_html\\vendor\\laravel\\framework\\src\\Illuminate\\Pipeline\\Pipeline.php(208): Illuminate\\Foundation\\Http\\Middleware\\InvokeDeferredCallbacks->handle(Object(Illuminate\\Http\\Request), Object(Closure))
#21 C:\\Users\\ASUS\\Desktop\\Projects\\public_html\\vendor\\laravel\\framework\\src\\Illuminate\\Http\\Middleware\\ValidatePathEncoding.php(26): Illuminate\\Pipeline\\Pipeline->Illuminate\\Pipeline\\{closure}(Object(Illuminate\\Http\\Request))
#22 C:\\Users\\ASUS\\Desktop\\Projects\\public_html\\vendor\\laravel\\framework\\src\\Illuminate\\Pipeline\\Pipeline.php(208): Illuminate\\Http\\Middleware\\ValidatePathEncoding->handle(Object(Illuminate\\Http\\Request), Object(Closure))
#23 C:\\Users\\ASUS\\Desktop\\Projects\\public_html\\vendor\\laravel\\framework\\src\\Illuminate\\Pipeline\\Pipeline.php(126): Illuminate\\Pipeline\\Pipeline->Illuminate\\Pipeline\\{closure}(Object(Illuminate\\Http\\Request))
#24 C:\\Users\\ASUS\\Desktop\\Projects\\public_html\\vendor\\laravel\\framework\\src\\Illuminate\\Foundation\\Http\\Kernel.php(175): Illuminate\\Pipeline\\Pipeline->then(Object(Closure))
#25 C:\\Users\\ASUS\\Desktop\\Projects\\public_html\\vendor\\laravel\\framework\\src\\Illuminate\\Foundation\\Http\\Kernel.php(144): Illuminate\\Foundation\\Http\\Kernel->sendRequestThroughRouter(Object(Illuminate\\Http\\Request))
#26 C:\\Users\\ASUS\\Desktop\\Projects\\public_html\\vendor\\laravel\\framework\\src\\Illuminate\\Foundation\\Application.php(1219): Illuminate\\Foundation\\Http\\Kernel->handle(Object(Illuminate\\Http\\Request))
#27 C:\\Users\\ASUS\\Desktop\\Projects\\public_html\\public\\index.php(19): Illuminate\\Foundation\\Application->handleRequest(Object(Illuminate\\Http\\Request))
#28 C:\\Users\\ASUS\\Desktop\\Projects\\public_html\\vendor\\laravel\\framework\\src\\Illuminate\\Foundation\\resources\\server.php(23): require_once('C:\\\\Users\\\\ASUS\\\\D...')
#29 {main}

[previous exception] [object] (ReflectionException(code: -1): Class \"App\\Http\\Middleware\\ForceHttps\" does not exist at C:\\Users\\ASUS\\Desktop\\Projects\\public_html\\vendor\\laravel\\framework\\src\\Illuminate\\Container\\Container.php:1017)
[stacktrace]
#0 C:\\Users\\ASUS\\Desktop\\Projects\\public_html\\vendor\\laravel\\framework\\src\\Illuminate\\Container\\Container.php(1017): ReflectionClass->__construct('App\\\\Http\\\\Middle...')
#1 C:\\Users\\ASUS\\Desktop\\Projects\\public_html\\vendor\\laravel\\framework\\src\\Illuminate\\Container\\Container.php(890): Illuminate\\Container\\Container->build('App\\\\Http\\\\Middle...')
#2 C:\\Users\\ASUS\\Desktop\\Projects\\public_html\\vendor\\laravel\\framework\\src\\Illuminate\\Foundation\\Application.php(1077): Illuminate\\Container\\Container->resolve('App\\\\Http\\\\Middle...', Array, true)
#3 C:\\Users\\ASUS\\Desktop\\Projects\\public_html\\vendor\\laravel\\framework\\src\\Illuminate\\Container\\Container.php(821): Illuminate\\Foundation\\Application->resolve('App\\\\Http\\\\Middle...', Array)
#4 C:\\Users\\ASUS\\Desktop\\Projects\\public_html\\vendor\\laravel\\framework\\src\\Illuminate\\Foundation\\Application.php(1057): Illuminate\\Container\\Container->make('App\\\\Http\\\\Middle...', Array)
#5 C:\\Users\\ASUS\\Desktop\\Projects\\public_html\\vendor\\laravel\\framework\\src\\Illuminate\\Pipeline\\Pipeline.php(197): Illuminate\\Foundation\\Application->make('App\\\\Http\\\\Middle...')
#6 C:\\Users\\ASUS\\Desktop\\Projects\\public_html\\vendor\\laravel\\framework\\src\\Illuminate\\Foundation\\Http\\Middleware\\TransformsRequest.php(21): Illuminate\\Pipeline\\Pipeline->Illuminate\\Pipeline\\{closure}(Object(Illuminate\\Http\\Request))
#7 C:\\Users\\ASUS\\Desktop\\Projects\\public_html\\vendor\\laravel\\framework\\src\\Illuminate\\Foundation\\Http\\Middleware\\ConvertEmptyStringsToNull.php(31): Illuminate\\Foundation\\Http\\Middleware\\TransformsRequest->handle(Object(Illuminate\\Http\\Request), Object(Closure))
#8 C:\\Users\\ASUS\\Desktop\\Projects\\public_html\\vendor\\laravel\\framework\\src\\Illuminate\\Pipeline\\Pipeline.php(208): Illuminate\\Foundation\\Http\\Middleware\\ConvertEmptyStringsToNull->handle(Object(Illuminate\\Http\\Request), Object(Closure))
#9 C:\\Users\\ASUS\\Desktop\\Projects\\public_html\\vendor\\laravel\\framework\\src\\Illuminate\\Foundation\\Http\\Middleware\\TransformsRequest.php(21): Illuminate\\Pipeline\\Pipeline->Illuminate\\Pipeline\\{closure}(Object(Illuminate\\Http\\Request))
#10 C:\\Users\\ASUS\\Desktop\\Projects\\public_html\\vendor\\laravel\\framework\\src\\Illuminate\\Foundation\\Http\\Middleware\\TrimStrings.php(51): Illuminate\\Foundation\\Http\\Middleware\\TransformsRequest->handle(Object(Illuminate\\Http\\Request), Object(Closure))
#11 C:\\Users\\ASUS\\Desktop\\Projects\\public_html\\vendor\\laravel\\framework\\src\\Illuminate\\Pipeline\\Pipeline.php(208): Illuminate\\Foundation\\Http\\Middleware\\TrimStrings->handle(Object(Illuminate\\Http\\Request), Object(Closure))
#12 C:\\Users\\ASUS\\Desktop\\Projects\\public_html\\vendor\\laravel\\framework\\src\\Illuminate\\Http\\Middleware\\ValidatePostSize.php(27): Illuminate\\Pipeline\\Pipeline->Illuminate\\Pipeline\\{closure}(Object(Illuminate\\Http\\Request))
#13 C:\\Users\\ASUS\\Desktop\\Projects\\public_html\\vendor\\laravel\\framework\\src\\Illuminate\\Pipeline\\Pipeline.php(208): Illuminate\\Http\\Middleware\\ValidatePostSize->handle(Object(Illuminate\\Http\\Request), Object(Closure))
#14 C:\\Users\\ASUS\\Desktop\\Projects\\public_html\\vendor\\laravel\\framework\\src\\Illuminate\\Foundation\\Http\\Middleware\\PreventRequestsDuringMaintenance.php(109): Illuminate\\Pipeline\\Pipeline->Illuminate\\Pipeline\\{closure}(Object(Illuminate\\Http\\Request))
#15 C:\\Users\\ASUS\\Desktop\\Projects\\public_html\\vendor\\laravel\\framework\\src\\Illuminate\\Pipeline\\Pipeline.php(208): Illuminate\\Foundation\\Http\\Middleware\\PreventRequestsDuringMaintenance->handle(Object(Illuminate\\Http\\Request), Object(Closure))
#16 C:\\Users\\ASUS\\Desktop\\Projects\\public_html\\vendor\\laravel\\framework\\src\\Illuminate\\Http\\Middleware\\HandleCors.php(48): Illuminate\\Pipeline\\Pipeline->Illuminate\\Pipeline\\{closure}(Object(Illuminate\\Http\\Request))
#17 C:\\Users\\ASUS\\Desktop\\Projects\\public_html\\vendor\\laravel\\framework\\src\\Illuminate\\Pipeline\\Pipeline.php(208): Illuminate\\Http\\Middleware\\HandleCors->handle(Object(Illuminate\\Http\\Request), Object(Closure))
#18 C:\\Users\\ASUS\\Desktop\\Projects\\public_html\\vendor\\laravel\\framework\\src\\Illuminate\\Http\\Middleware\\TrustProxies.php(58): Illuminate\\Pipeline\\Pipeline->Illuminate\\Pipeline\\{closure}(Object(Illuminate\\Http\\Request))
#19 C:\\Users\\ASUS\\Desktop\\Projects\\public_html\\vendor\\laravel\\framework\\src\\Illuminate\\Pipeline\\Pipeline.php(208): Illuminate\\Http\\Middleware\\TrustProxies->handle(Object(Illuminate\\Http\\Request), Object(Closure))
#20 C:\\Users\\ASUS\\Desktop\\Projects\\public_html\\vendor\\laravel\\framework\\src\\Illuminate\\Foundation\\Http\\Middleware\\InvokeDeferredCallbacks.php(22): Illuminate\\Pipeline\\Pipeline->Illuminate\\Pipeline\\{closure}(Object(Illuminate\\Http\\Request))
#21 C:\\Users\\ASUS\\Desktop\\Projects\\public_html\\vendor\\laravel\\framework\\src\\Illuminate\\Pipeline\\Pipeline.php(208): Illuminate\\Foundation\\Http\\Middleware\\InvokeDeferredCallbacks->handle(Object(Illuminate\\Http\\Request), Object(Closure))
#22 C:\\Users\\ASUS\\Desktop\\Projects\\public_html\\vendor\\laravel\\framework\\src\\Illuminate\\Http\\Middleware\\ValidatePathEncoding.php(26): Illuminate\\Pipeline\\Pipeline->Illuminate\\Pipeline\\{closure}(Object(Illuminate\\Http\\Request))
#23 C:\\Users\\ASUS\\Desktop\\Projects\\public_html\\vendor\\laravel\\framework\\src\\Illuminate\\Pipeline\\Pipeline.php(208): Illuminate\\Http\\Middleware\\ValidatePathEncoding->handle(Object(Illuminate\\Http\\Request), Object(Closure))
#24 C:\\Users\\ASUS\\Desktop\\Projects\\public_html\\vendor\\laravel\\framework\\src\\Illuminate\\Pipeline\\Pipeline.php(126): Illuminate\\Pipeline\\Pipeline->Illuminate\\Pipeline\\{closure}(Object(Illuminate\\Http\\Request))
#25 C:\\Users\\ASUS\\Desktop\\Projects\\public_html\\vendor\\laravel\\framework\\src\\Illuminate\\Foundation\\Http\\Kernel.php(175): Illuminate\\Pipeline\\Pipeline->then(Object(Closure))
#26 C:\\Users\\ASUS\\Desktop\\Projects\\public_html\\vendor\\laravel\\framework\\src\\Illuminate\\Foundation\\Http\\Kernel.php(144): Illuminate\\Foundation\\Http\\Kernel->sendRequestThroughRouter(Object(Illuminate\\Http\\Request))
#27 C:\\Users\\ASUS\\Desktop\\Projects\\public_html\\vendor\\laravel\\framework\\src\\Illuminate\\Foundation\\Application.php(1219): Illuminate\\Foundation\\Http\\Kernel->handle(Object(Illuminate\\Http\\Request))
#28 C:\\Users\\ASUS\\Desktop\\Projects\\public_html\\public\\index.php(19): Illuminate\\Foundation\\Application->handleRequest(Object(Illuminate\\Http\\Request))
#29 C:\\Users\\ASUS\\Desktop\\Projects\\public_html\\vendor\\laravel\\framework\\src\\Illuminate\\Foundation\\resources\\server.php(23): require_once('C:\\\\Users\\\\ASUS\\\\D...')
#30 {main}
"} 
[2026-03-25 17:14:07] local.ERROR: Target class [App\Http\Middleware\ForceHttps] does not exist. {"exception":"[object] (Illuminate\\Contracts\\Container\\BindingResolutionException(code: 0): Target class [App\\Http\\Middleware\\ForceHttps] does not exist. at C:\\Users\\ASUS\\Desktop\\Projects\\public_html\\vendor\\laravel\\framework\\src\\Illuminate\\Container\\Container.php:1019)
[stacktrace]
#0 C:\\Users\\ASUS\\Desktop\\Projects\\public_html\\vendor\\laravel\\framework\\src\\Illuminate\\Container\\Container.php(890): Illuminate\\Container\\Container->build('App\\\\Http\\\\Middle...')
#1 C:\\Users\\ASUS\\Desktop\\Projects\\public_html\\vendor\\laravel\\framework\\src\\Illuminate\\Foundation\\Application.php(1077): Illuminate\\Container\\Container->resolve('App\\\\Http\\\\Middle...', Array, true)
#2 C:\\Users\\ASUS\\Desktop\\Projects\\public_html\\vendor\\laravel\\framework\\src\\Illuminate\\Container\\Container.php(821): Illuminate\\Foundation\\Application->resolve('App\\\\Http\\\\Middle...', Array)
#3 C:\\Users\\ASUS\\Desktop\\Projects\\public_html\\vendor\\laravel\\framework\\src\\Illuminate\\Foundation\\Application.php(1057): Illuminate\\Container\\Container->make('App\\\\Http\\\\Middle...', Array)
#4 C:\\Users\\ASUS\\Desktop\\Projects\\public_html\\vendor\\laravel\\framework\\src\\Illuminate\\Foundation\\Http\\Kernel.php(257): Illuminate\\Foundation\\Application->make('App\\\\Http\\\\Middle...')
#5 C:\\Users\\ASUS\\Desktop\\Projects\\public_html\\vendor\\laravel\\framework\\src\\Illuminate\\Foundation\\Http\\Kernel.php(215): Illuminate\\Foundation\\Http\\Kernel->terminateMiddleware(Object(Illuminate\\Http\\Request), Object(Illuminate\\Http\\Response))
#6 C:\\Users\\ASUS\\Desktop\\Projects\\public_html\\vendor\\laravel\\framework\\src\\Illuminate\\Foundation\\Application.php(1221): Illuminate\\Foundation\\Http\\Kernel->terminate(Object(Illuminate\\Http\\Request), Object(Illuminate\\Http\\Response))
#7 C:\\Users\\ASUS\\Desktop\\Projects\\public_html\\public\\index.php(19): Illuminate\\Foundation\\Application->handleRequest(Object(Illuminate\\Http\\Request))
#8 C:\\Users\\ASUS\\Desktop\\Projects\\public_html\\vendor\\laravel\\framework\\src\\Illuminate\\Foundation\\resources\\server.php(23): require_once('C:\\\\Users\\\\ASUS\\\\D...')
#9 {main}

[previous exception] [object] (ReflectionException(code: -1): Class \"App\\Http\\Middleware\\ForceHttps\" does not exist at C:\\Users\\ASUS\\Desktop\\Projects\\public_html\\vendor\\laravel\\framework\\src\\Illuminate\\Container\\Container.php:1017)
[stacktrace]
#0 C:\\Users\\ASUS\\Desktop\\Projects\\public_html\\vendor\\laravel\\framework\\src\\Illuminate\\Container\\Container.php(1017): ReflectionClass->__construct('App\\\\Http\\\\Middle...')
#1 C:\\Users\\ASUS\\Desktop\\Projects\\public_html\\vendor\\laravel\\framework\\src\\Illuminate\\Container\\Container.php(890): Illuminate\\Container\\Container->build('App\\\\Http\\\\Middle...')
#2 C:\\Users\\ASUS\\Desktop\\Projects\\public_html\\vendor\\laravel\\framework\\src\\Illuminate\\Foundation\\Application.php(1077): Illuminate\\Container\\Container->resolve('App\\\\Http\\\\Middle...', Array, true)
#3 C:\\Users\\ASUS\\Desktop\\Projects\\public_html\\vendor\\laravel\\framework\\src\\Illuminate\\Container\\Container.php(821): Illuminate\\Foundation\\Application->resolve('App\\\\Http\\\\Middle...', Array)
#4 C:\\Users\\ASUS\\Desktop\\Projects\\public_html\\vendor\\laravel\\framework\\src\\Illuminate\\Foundation\\Application.php(1057): Illuminate\\Container\\Container->make('App\\\\Http\\\\Middle...', Array)
#5 C:\\Users\\ASUS\\Desktop\\Projects\\public_html\\vendor\\laravel\\framework\\src\\Illuminate\\Foundation\\Http\\Kernel.php(257): Illuminate\\Foundation\\Application->make('App\\\\Http\\\\Middle...')
#6 C:\\Users\\ASUS\\Desktop\\Projects\\public_html\\vendor\\laravel\\framework\\src\\Illuminate\\Foundation\\Http\\Kernel.php(215): Illuminate\\Foundation\\Http\\Kernel->terminateMiddleware(Object(Illuminate\\Http\\Request), Object(Illuminate\\Http\\Response))
#7 C:\\Users\\ASUS\\Desktop\\Projects\\public_html\\vendor\\laravel\\framework\\src\\Illuminate\\Foundation\\Application.php(1221): Illuminate\\Foundation\\Http\\Kernel->terminate(Object(Illuminate\\Http\\Request), Object(Illuminate\\Http\\Response))
#8 C:\\Users\\ASUS\\Desktop\\Projects\\public_html\\public\\index.php(19): Illuminate\\Foundation\\Application->handleRequest(Object(Illuminate\\Http\\Request))
#9 C:\\Users\\ASUS\\Desktop\\Projects\\public_html\\vendor\\laravel\\framework\\src\\Illuminate\\Foundation\\resources\\server.php(23): require_once('C:\\\\Users\\\\ASUS\\\\D...')
#10 {main}
"} 
[2026-03-25 17:14:08] local.ERROR: Target class [App\Http\Middleware\ForceHttps] does not exist. {"exception":"[object] (Illuminate\\Contracts\\Container\\BindingResolutionException(code: 0): Target class [App\\Http\\Middleware\\ForceHttps] does not exist. at C:\\Users\\ASUS\\Desktop\\Projects\\public_html\\vendor\\laravel\\framework\\src\\Illuminate\\Container\\Container.php:1019)
[stacktrace]
#0 C:\\Users\\ASUS\\Desktop\\Projects\\public_html\\vendor\\laravel\\framework\\src\\Illuminate\\Container\\Container.php(890): Illuminate\\Container\\Container->build('App\\\\Http\\\\Middle...')
#1 C:\\Users\\ASUS\\Desktop\\Projects\\public_html\\vendor\\laravel\\framework\\src\\Illuminate\\Foundation\\Application.php(1077): Illuminate\\Container\\Container->resolve('App\\\\Http\\\\Middle...', Array, true)
#2 C:\\Users\\ASUS\\Desktop\\Projects\\public_html\\vendor\\laravel\\framework\\src\\Illuminate\\Container\\Container.php(821): Illuminate\\Foundation\\Application->resolve('App\\\\Http\\\\Middle...', Array)
#3 C:\\Users\\ASUS\\Desktop\\Projects\\public_html\\vendor\\laravel\\framework\\src\\Illuminate\\Foundation\\Application.php(1057): Illuminate\\Container\\Container->make('App\\\\Http\\\\Middle...', Array)
#4 C:\\Users\\ASUS\\Desktop\\Projects\\public_html\\vendor\\laravel\\framework\\src\\Illuminate\\Pipeline\\Pipeline.php(197): Illuminate\\Foundation\\Application->make('App\\\\Http\\\\Middle...')
#5 C:\\Users\\ASUS\\Desktop\\Projects\\public_html\\vendor\\laravel\\framework\\src\\Illuminate\\Foundation\\Http\\Middleware\\TransformsRequest.php(21): Illuminate\\Pipeline\\Pipeline->Illuminate\\Pipeline\\{closure}(Object(Illuminate\\Http\\Request))
#6 C:\\Users\\ASUS\\Desktop\\Projects\\public_html\\vendor\\laravel\\framework\\src\\Illuminate\\Foundation\\Http\\Middleware\\ConvertEmptyStringsToNull.php(31): Illuminate\\Foundation\\Http\\Middleware\\TransformsRequest->handle(Object(Illuminate\\Http\\Request), Object(Closure))
#7 C:\\Users\\ASUS\\Desktop\\Projects\\public_html\\vendor\\laravel\\framework\\src\\Illuminate\\Pipeline\\Pipeline.php(208): Illuminate\\Foundation\\Http\\Middleware\\ConvertEmptyStringsToNull->handle(Object(Illuminate\\Http\\Request), Object(Closure))
#8 C:\\Users\\ASUS\\Desktop\\Projects\\public_html\\vendor\\laravel\\framework\\src\\Illuminate\\Foundation\\Http\\Middleware\\TransformsRequest.php(21): Illuminate\\Pipeline\\Pipeline->Illuminate\\Pipeline\\{closure}(Object(Illuminate\\Http\\Request))
#9 C:\\Users\\ASUS\\Desktop\\Projects\\public_html\\vendor\\laravel\\framework\\src\\Illuminate\\Foundation\\Http\\Middleware\\TrimStrings.php(51): Illuminate\\Foundation\\Http\\Middleware\\TransformsRequest->handle(Object(Illuminate\\Http\\Request), Object(Closure))
#10 C:\\Users\\ASUS\\Desktop\\Projects\\public_html\\vendor\\laravel\\framework\\src\\Illuminate\\Pipeline\\Pipeline.php(208): Illuminate\\Foundation\\Http\\Middleware\\TrimStrings->handle(Object(Illuminate\\Http\\Request), Object(Closure))
#11 C:\\Users\\ASUS\\Desktop\\Projects\\public_html\\vendor\\laravel\\framework\\src\\Illuminate\\Http\\Middleware\\ValidatePostSize.php(27): Illuminate\\Pipeline\\Pipeline->Illuminate\\Pipeline\\{closure}(Object(Illuminate\\Http\\Request))
#12 C:\\Users\\ASUS\\Desktop\\Projects\\public_html\\vendor\\laravel\\framework\\src\\Illuminate\\Pipeline\\Pipeline.php(208): Illuminate\\Http\\Middleware\\ValidatePostSize->handle(Object(Illuminate\\Http\\Request), Object(Closure))
#13 C:\\Users\\ASUS\\Desktop\\Projects\\public_html\\vendor\\laravel\\framework\\src\\Illuminate\\Foundation\\Http\\Middleware\\PreventRequestsDuringMaintenance.php(109): Illuminate\\Pipeline\\Pipeline->Illuminate\\Pipeline\\{closure}(Object(Illuminate\\Http\\Request))
#14 C:\\Users\\ASUS\\Desktop\\Projects\\public_html\\vendor\\laravel\\framework\\src\\Illuminate\\Pipeline\\Pipeline.php(208): Illuminate\\Foundation\\Http\\Middleware\\PreventRequestsDuringMaintenance->handle(Object(Illuminate\\Http\\Request), Object(Closure))
#15 C:\\Users\\ASUS\\Desktop\\Projects\\public_html\\vendor\\laravel\\framework\\src\\Illuminate\\Http\\Middleware\\HandleCors.php(48): Illuminate\\Pipeline\\Pipeline->Illuminate\\Pipeline\\{closure}(Object(Illuminate\\Http\\Request))
#16 C:\\Users\\ASUS\\Desktop\\Projects\\public_html\\vendor\\laravel\\framework\\src\\Illuminate\\Pipeline\\Pipeline.php(208): Illuminate\\Http\\Middleware\\HandleCors->handle(Object(Illuminate\\Http\\Request), Object(Closure))
#17 C:\\Users\\ASUS\\Desktop\\Projects\\public_html\\vendor\\laravel\\framework\\src\\Illuminate\\Http\\Middleware\\TrustProxies.php(58): Illuminate\\Pipeline\\Pipeline->Illuminate\\Pipeline\\{closure}(Object(Illuminate\\Http\\Request))
#18 C:\\Users\\ASUS\\Desktop\\Projects\\public_html\\vendor\\laravel\\framework\\src\\Illuminate\\Pipeline\\Pipeline.php(208): Illuminate\\Http\\Middleware\\TrustProxies->handle(Object(Illuminate\\Http\\Request), Object(Closure))
#19 C:\\Users\\ASUS\\Desktop\\Projects\\public_html\\vendor\\laravel\\framework\\src\\Illuminate\\Foundation\\Http\\Middleware\\InvokeDeferredCallbacks.php(22): Illuminate\\Pipeline\\Pipeline->Illuminate\\Pipeline\\{closure}(Object(Illuminate\\Http\\Request))
#20 C:\\Users\\ASUS\\Desktop\\Projects\\public_html\\vendor\\laravel\\framework\\src\\Illuminate\\Pipeline\\Pipeline.php(208): Illuminate\\Foundation\\Http\\Middleware\\InvokeDeferredCallbacks->handle(Object(Illuminate\\Http\\Request), Object(Closure))
#21 C:\\Users\\ASUS\\Desktop\\Projects\\public_html\\vendor\\laravel\\framework\\src\\Illuminate\\Http\\Middleware\\ValidatePathEncoding.php(26): Illuminate\\Pipeline\\Pipeline->Illuminate\\Pipeline\\{closure}(Object(Illuminate\\Http\\Request))
#22 C:\\Users\\ASUS\\Desktop\\Projects\\public_html\\vendor\\laravel\\framework\\src\\Illuminate\\Pipeline\\Pipeline.php(208): Illuminate\\Http\\Middleware\\ValidatePathEncoding->handle(Object(Illuminate\\Http\\Request), Object(Closure))
#23 C:\\Users\\ASUS\\Desktop\\Projects\\public_html\\vendor\\laravel\\framework\\src\\Illuminate\\Pipeline\\Pipeline.php(126): Illuminate\\Pipeline\\Pipeline->Illuminate\\Pipeline\\{closure}(Object(Illuminate\\Http\\Request))
#24 C:\\Users\\ASUS\\Desktop\\Projects\\public_html\\vendor\\laravel\\framework\\src\\Illuminate\\Foundation\\Http\\Kernel.php(175): Illuminate\\Pipeline\\Pipeline->then(Object(Closure))
#25 C:\\Users\\ASUS\\Desktop\\Projects\\public_html\\vendor\\laravel\\framework\\src\\Illuminate\\Foundation\\Http\\Kernel.php(144): Illuminate\\Foundation\\Http\\Kernel->sendRequestThroughRouter(Object(Illuminate\\Http\\Request))
#26 C:\\Users\\ASUS\\Desktop\\Projects\\public_html\\vendor\\laravel\\framework\\src\\Illuminate\\Foundation\\Application.php(1219): Illuminate\\Foundation\\Http\\Kernel->handle(Object(Illuminate\\Http\\Request))
#27 C:\\Users\\ASUS\\Desktop\\Projects\\public_html\\public\\index.php(19): Illuminate\\Foundation\\Application->handleRequest(Object(Illuminate\\Http\\Request))
#28 C:\\Users\\ASUS\\Desktop\\Projects\\public_html\\vendor\\laravel\\framework\\src\\Illuminate\\Foundation\\resources\\server.php(23): require_once('C:\\\\Users\\\\ASUS\\\\D...')
#29 {main}

[previous exception] [object] (ReflectionException(code: -1): Class \"App\\Http\\Middleware\\ForceHttps\" does not exist at C:\\Users\\ASUS\\Desktop\\Projects\\public_html\\vendor\\laravel\\framework\\src\\Illuminate\\Container\\Container.php:1017)
[stacktrace]
#0 C:\\Users\\ASUS\\Desktop\\Projects\\public_html\\vendor\\laravel\\framework\\src\\Illuminate\\Container\\Container.php(1017): ReflectionClass->__construct('App\\\\Http\\\\Middle...')
#1 C:\\Users\\ASUS\\Desktop\\Projects\\public_html\\vendor\\laravel\\framework\\src\\Illuminate\\Container\\Container.php(890): Illuminate\\Container\\Container->build('App\\\\Http\\\\Middle...')
#2 C:\\Users\\ASUS\\Desktop\\Projects\\public_html\\vendor\\laravel\\framework\\src\\Illuminate\\Foundation\\Application.php(1077): Illuminate\\Container\\Container->resolve('App\\\\Http\\\\Middle...', Array, true)
#3 C:\\Users\\ASUS\\Desktop\\Projects\\public_html\\vendor\\laravel\\framework\\src\\Illuminate\\Container\\Container.php(821): Illuminate\\Foundation\\Application->resolve('App\\\\Http\\\\Middle...', Array)
#4 C:\\Users\\ASUS\\Desktop\\Projects\\public_html\\vendor\\laravel\\framework\\src\\Illuminate\\Foundation\\Application.php(1057): Illuminate\\Container\\Container->make('App\\\\Http\\\\Middle...', Array)
#5 C:\\Users\\ASUS\\Desktop\\Projects\\public_html\\vendor\\laravel\\framework\\src\\Illuminate\\Pipeline\\Pipeline.php(197): Illuminate\\Foundation\\Application->make('App\\\\Http\\\\Middle...')
#6 C:\\Users\\ASUS\\Desktop\\Projects\\public_html\\vendor\\laravel\\framework\\src\\Illuminate\\Foundation\\Http\\Middleware\\TransformsRequest.php(21): Illuminate\\Pipeline\\Pipeline->Illuminate\\Pipeline\\{closure}(Object(Illuminate\\Http\\Request))
#7 C:\\Users\\ASUS\\Desktop\\Projects\\public_html\\vendor\\laravel\\framework\\src\\Illuminate\\Foundation\\Http\\Middleware\\ConvertEmptyStringsToNull.php(31): Illuminate\\Foundation\\Http\\Middleware\\TransformsRequest->handle(Object(Illuminate\\Http\\Request), Object(Closure))
#8 C:\\Users\\ASUS\\Desktop\\Projects\\public_html\\vendor\\laravel\\framework\\src\\Illuminate\\Pipeline\\Pipeline.php(208): Illuminate\\Foundation\\Http\\Middleware\\ConvertEmptyStringsToNull->handle(Object(Illuminate\\Http\\Request), Object(Closure))
#9 C:\\Users\\ASUS\\Desktop\\Projects\\public_html\\vendor\\laravel\\framework\\src\\Illuminate\\Foundation\\Http\\Middleware\\TransformsRequest.php(21): Illuminate\\Pipeline\\Pipeline->Illuminate\\Pipeline\\{closure}(Object(Illuminate\\Http\\Request))
#10 C:\\Users\\ASUS\\Desktop\\Projects\\public_html\\vendor\\laravel\\framework\\src\\Illuminate\\Foundation\\Http\\Middleware\\TrimStrings.php(51): Illuminate\\Foundation\\Http\\Middleware\\TransformsRequest->handle(Object(Illuminate\\Http\\Request), Object(Closure))
#11 C:\\Users\\ASUS\\Desktop\\Projects\\public_html\\vendor\\laravel\\framework\\src\\Illuminate\\Pipeline\\Pipeline.php(208): Illuminate\\Foundation\\Http\\Middleware\\TrimStrings->handle(Object(Illuminate\\Http\\Request), Object(Closure))
#12 C:\\Users\\ASUS\\Desktop\\Projects\\public_html\\vendor\\laravel\\framework\\src\\Illuminate\\Http\\Middleware\\ValidatePostSize.php(27): Illuminate\\Pipeline\\Pipeline->Illuminate\\Pipeline\\{closure}(Object(Illuminate\\Http\\Request))
#13 C:\\Users\\ASUS\\Desktop\\Projects\\public_html\\vendor\\laravel\\framework\\src\\Illuminate\\Pipeline\\Pipeline.php(208): Illuminate\\Http\\Middleware\\ValidatePostSize->handle(Object(Illuminate\\Http\\Request), Object(Closure))
#14 C:\\Users\\ASUS\\Desktop\\Projects\\public_html\\vendor\\laravel\\framework\\src\\Illuminate\\Foundation\\Http\\Middleware\\PreventRequestsDuringMaintenance.php(109): Illuminate\\Pipeline\\Pipeline->Illuminate\\Pipeline\\{closure}(Object(Illuminate\\Http\\Request))
#15 C:\\Users\\ASUS\\Desktop\\Projects\\public_html\\vendor\\laravel\\framework\\src\\Illuminate\\Pipeline\\Pipeline.php(208): Illuminate\\Foundation\\Http\\Middleware\\PreventRequestsDuringMaintenance->handle(Object(Illuminate\\Http\\Request), Object(Closure))
#16 C:\\Users\\ASUS\\Desktop\\Projects\\public_html\\vendor\\laravel\\framework\\src\\Illuminate\\Http\\Middleware\\HandleCors.php(48): Illuminate\\Pipeline\\Pipeline->Illuminate\\Pipeline\\{closure}(Object(Illuminate\\Http\\Request))
#17 C:\\Users\\ASUS\\Desktop\\Projects\\public_html\\vendor\\laravel\\framework\\src\\Illuminate\\Pipeline\\Pipeline.php(208): Illuminate\\Http\\Middleware\\HandleCors->handle(Object(Illuminate\\Http\\Request), Object(Closure))
#18 C:\\Users\\ASUS\\Desktop\\Projects\\public_html\\vendor\\laravel\\framework\\src\\Illuminate\\Http\\Middleware\\TrustProxies.php(58): Illuminate\\Pipeline\\Pipeline->Illuminate\\Pipeline\\{closure}(Object(Illuminate\\Http\\Request))
#19 C:\\Users\\ASUS\\Desktop\\Projects\\public_html\\vendor\\laravel\\framework\\src\\Illuminate\\Pipeline\\Pipeline.php(208): Illuminate\\Http\\Middleware\\TrustProxies->handle(Object(Illuminate\\Http\\Request), Object(Closure))
#20 C:\\Users\\ASUS\\Desktop\\Projects\\public_html\\vendor\\laravel\\framework\\src\\Illuminate\\Foundation\\Http\\Middleware\\InvokeDeferredCallbacks.php(22): Illuminate\\Pipeline\\Pipeline->Illuminate\\Pipeline\\{closure}(Object(Illuminate\\Http\\Request))
#21 C:\\Users\\ASUS\\Desktop\\Projects\\public_html\\vendor\\laravel\\framework\\src\\Illuminate\\Pipeline\\Pipeline.php(208): Illuminate\\Foundation\\Http\\Middleware\\InvokeDeferredCallbacks->handle(Object(Illuminate\\Http\\Request), Object(Closure))
#22 C:\\Users\\ASUS\\Desktop\\Projects\\public_html\\vendor\\laravel\\framework\\src\\Illuminate\\Http\\Middleware\\ValidatePathEncoding.php(26): Illuminate\\Pipeline\\Pipeline->Illuminate\\Pipeline\\{closure}(Object(Illuminate\\Http\\Request))
#23 C:\\Users\\ASUS\\Desktop\\Projects\\public_html\\vendor\\laravel\\framework\\src\\Illuminate\\Pipeline\\Pipeline.php(208): Illuminate\\Http\\Middleware\\ValidatePathEncoding->handle(Object(Illuminate\\Http\\Request), Object(Closure))
#24 C:\\Users\\ASUS\\Desktop\\Projects\\public_html\\vendor\\laravel\\framework\\src\\Illuminate\\Pipeline\\Pipeline.php(126): Illuminate\\Pipeline\\Pipeline->Illuminate\\Pipeline\\{closure}(Object(Illuminate\\Http\\Request))
#25 C:\\Users\\ASUS\\Desktop\\Projects\\public_html\\vendor\\laravel\\framework\\src\\Illuminate\\Foundation\\Http\\Kernel.php(175): Illuminate\\Pipeline\\Pipeline->then(Object(Closure))
#26 C:\\Users\\ASUS\\Desktop\\Projects\\public_html\\vendor\\laravel\\framework\\src\\Illuminate\\Foundation\\Http\\Kernel.php(144): Illuminate\\Foundation\\Http\\Kernel->sendRequestThroughRouter(Object(Illuminate\\Http\\Request))
#27 C:\\Users\\ASUS\\Desktop\\Projects\\public_html\\vendor\\laravel\\framework\\src\\Illuminate\\Foundation\\Application.php(1219): Illuminate\\Foundation\\Http\\Kernel->handle(Object(Illuminate\\Http\\Request))
#28 C:\\Users\\ASUS\\Desktop\\Projects\\public_html\\public\\index.php(19): Illuminate\\Foundation\\Application->handleRequest(Object(Illuminate\\Http\\Request))
#29 C:\\Users\\ASUS\\Desktop\\Projects\\public_html\\vendor\\laravel\\framework\\src\\Illuminate\\Foundation\\resources\\server.php(23): require_once('C:\\\\Users\\\\ASUS\\\\D...')
#30 {main}
"} 
[2026-03-25 17:14:09] local.ERROR: Target class [App\Http\Middleware\ForceHttps] does not exist. {"exception":"[object] (Illuminate\\Contracts\\Container\\BindingResolutionException(code: 0): Target class [App\\Http\\Middleware\\ForceHttps] does not exist. at C:\\Users\\ASUS\\Desktop\\Projects\\public_html\\vendor\\laravel\\framework\\src\\Illuminate\\Container\\Container.php:1019)
[stacktrace]
#0 C:\\Users\\ASUS\\Desktop\\Projects\\public_html\\vendor\\laravel\\framework\\src\\Illuminate\\Container\\Container.php(890): Illuminate\\Container\\Container->build('App\\\\Http\\\\Middle...')
#1 C:\\Users\\ASUS\\Desktop\\Projects\\public_html\\vendor\\laravel\\framework\\src\\Illuminate\\Foundation\\Application.php(1077): Illuminate\\Container\\Container->resolve('App\\\\Http\\\\Middle...', Array, true)
#2 C:\\Users\\ASUS\\Desktop\\Projects\\public_html\\vendor\\laravel\\framework\\src\\Illuminate\\Container\\Container.php(821): Illuminate\\Foundation\\Application->resolve('App\\\\Http\\\\Middle...', Array)
#3 C:\\Users\\ASUS\\Desktop\\Projects\\public_html\\vendor\\laravel\\framework\\src\\Illuminate\\Foundation\\Application.php(1057): Illuminate\\Container\\Container->make('App\\\\Http\\\\Middle...', Array)
#4 C:\\Users\\ASUS\\Desktop\\Projects\\public_html\\vendor\\laravel\\framework\\src\\Illuminate\\Foundation\\Http\\Kernel.php(257): Illuminate\\Foundation\\Application->make('App\\\\Http\\\\Middle...')
#5 C:\\Users\\ASUS\\Desktop\\Projects\\public_html\\vendor\\laravel\\framework\\src\\Illuminate\\Foundation\\Http\\Kernel.php(215): Illuminate\\Foundation\\Http\\Kernel->terminateMiddleware(Object(Illuminate\\Http\\Request), Object(Illuminate\\Http\\Response))
#6 C:\\Users\\ASUS\\Desktop\\Projects\\public_html\\vendor\\laravel\\framework\\src\\Illuminate\\Foundation\\Application.php(1221): Illuminate\\Foundation\\Http\\Kernel->terminate(Object(Illuminate\\Http\\Request), Object(Illuminate\\Http\\Response))
#7 C:\\Users\\ASUS\\Desktop\\Projects\\public_html\\public\\index.php(19): Illuminate\\Foundation\\Application->handleRequest(Object(Illuminate\\Http\\Request))
#8 C:\\Users\\ASUS\\Desktop\\Projects\\public_html\\vendor\\laravel\\framework\\src\\Illuminate\\Foundation\\resources\\server.php(23): require_once('C:\\\\Users\\\\ASUS\\\\D...')
#9 {main}

[previous exception] [object] (ReflectionException(code: -1): Class \"App\\Http\\Middleware\\ForceHttps\" does not exist at C:\\Users\\ASUS\\Desktop\\Projects\\public_html\\vendor\\laravel\\framework\\src\\Illuminate\\Container\\Container.php:1017)
[stacktrace]
#0 C:\\Users\\ASUS\\Desktop\\Projects\\public_html\\vendor\\laravel\\framework\\src\\Illuminate\\Container\\Container.php(1017): ReflectionClass->__construct('App\\\\Http\\\\Middle...')
#1 C:\\Users\\ASUS\\Desktop\\Projects\\public_html\\vendor\\laravel\\framework\\src\\Illuminate\\Container\\Container.php(890): Illuminate\\Container\\Container->build('App\\\\Http\\\\Middle...')
#2 C:\\Users\\ASUS\\Desktop\\Projects\\public_html\\vendor\\laravel\\framework\\src\\Illuminate\\Foundation\\Application.php(1077): Illuminate\\Container\\Container->resolve('App\\\\Http\\\\Middle...', Array, true)
#3 C:\\Users\\ASUS\\Desktop\\Projects\\public_html\\vendor\\laravel\\framework\\src\\Illuminate\\Container\\Container.php(821): Illuminate\\Foundation\\Application->resolve('App\\\\Http\\\\Middle...', Array)
#4 C:\\Users\\ASUS\\Desktop\\Projects\\public_html\\vendor\\laravel\\framework\\src\\Illuminate\\Foundation\\Application.php(1057): Illuminate\\Container\\Container->make('App\\\\Http\\\\Middle...', Array)
#5 C:\\Users\\ASUS\\Desktop\\Projects\\public_html\\vendor\\laravel\\framework\\src\\Illuminate\\Foundation\\Http\\Kernel.php(257): Illuminate\\Foundation\\Application->make('App\\\\Http\\\\Middle...')
#6 C:\\Users\\ASUS\\Desktop\\Projects\\public_html\\vendor\\laravel\\framework\\src\\Illuminate\\Foundation\\Http\\Kernel.php(215): Illuminate\\Foundation\\Http\\Kernel->terminateMiddleware(Object(Illuminate\\Http\\Request), Object(Illuminate\\Http\\Response))
#7 C:\\Users\\ASUS\\Desktop\\Projects\\public_html\\vendor\\laravel\\framework\\src\\Illuminate\\Foundation\\Application.php(1221): Illuminate\\Foundation\\Http\\Kernel->terminate(Object(Illuminate\\Http\\Request), Object(Illuminate\\Http\\Response))
#8 C:\\Users\\ASUS\\Desktop\\Projects\\public_html\\public\\index.php(19): Illuminate\\Foundation\\Application->handleRequest(Object(Illuminate\\Http\\Request))
#9 C:\\Users\\ASUS\\Desktop\\Projects\\public_html\\vendor\\laravel\\framework\\src\\Illuminate\\Foundation\\resources\\server.php(23): require_once('C:\\\\Users\\\\ASUS\\\\D...')
#10 {main}
"} 
[2026-03-25 17:14:33] local.ERROR: Target class [App\Http\Middleware\ForceHttps] does not exist. {"exception":"[object] (Illuminate\\Contracts\\Container\\BindingResolutionException(code: 0): Target class [App\\Http\\Middleware\\ForceHttps] does not exist. at C:\\Users\\ASUS\\Desktop\\Projects\\public_html\\vendor\\laravel\\framework\\src\\Illuminate\\Container\\Container.php:1019)
[stacktrace]
#0 C:\\Users\\ASUS\\Desktop\\Projects\\public_html\\vendor\\laravel\\framework\\src\\Illuminate\\Container\\Container.php(890): Illuminate\\Container\\Container->build('App\\\\Http\\\\Middle...')
#1 C:\\Users\\ASUS\\Desktop\\Projects\\public_html\\vendor\\laravel\\framework\\src\\Illuminate\\Foundation\\Application.php(1077): Illuminate\\Container\\Container->resolve('App\\\\Http\\\\Middle...', Array, true)
#2 C:\\Users\\ASUS\\Desktop\\Projects\\public_html\\vendor\\laravel\\framework\\src\\Illuminate\\Container\\Container.php(821): Illuminate\\Foundation\\Application->resolve('App\\\\Http\\\\Middle...', Array)
#3 C:\\Users\\ASUS\\Desktop\\Projects\\public_html\\vendor\\laravel\\framework\\src\\Illuminate\\Foundation\\Application.php(1057): Illuminate\\Container\\Container->make('App\\\\Http\\\\Middle...', Array)
#4 C:\\Users\\ASUS\\Desktop\\Projects\\public_html\\vendor\\laravel\\framework\\src\\Illuminate\\Pipeline\\Pipeline.php(197): Illuminate\\Foundation\\Application->make('App\\\\Http\\\\Middle...')
#5 C:\\Users\\ASUS\\Desktop\\Projects\\public_html\\vendor\\laravel\\framework\\src\\Illuminate\\Foundation\\Http\\Middleware\\TransformsRequest.php(21): Illuminate\\Pipeline\\Pipeline->Illuminate\\Pipeline\\{closure}(Object(Illuminate\\Http\\Request))
#6 C:\\Users\\ASUS\\Desktop\\Projects\\public_html\\vendor\\laravel\\framework\\src\\Illuminate\\Foundation\\Http\\Middleware\\ConvertEmptyStringsToNull.php(31): Illuminate\\Foundation\\Http\\Middleware\\TransformsRequest->handle(Object(Illuminate\\Http\\Request), Object(Closure))
#7 C:\\Users\\ASUS\\Desktop\\Projects\\public_html\\vendor\\laravel\\framework\\src\\Illuminate\\Pipeline\\Pipeline.php(208): Illuminate\\Foundation\\Http\\Middleware\\ConvertEmptyStringsToNull->handle(Object(Illuminate\\Http\\Request), Object(Closure))
#8 C:\\Users\\ASUS\\Desktop\\Projects\\public_html\\vendor\\laravel\\framework\\src\\Illuminate\\Foundation\\Http\\Middleware\\TransformsRequest.php(21): Illuminate\\Pipeline\\Pipeline->Illuminate\\Pipeline\\{closure}(Object(Illuminate\\Http\\Request))
#9 C:\\Users\\ASUS\\Desktop\\Projects\\public_html\\vendor\\laravel\\framework\\src\\Illuminate\\Foundation\\Http\\Middleware\\TrimStrings.php(51): Illuminate\\Foundation\\Http\\Middleware\\TransformsRequest->handle(Object(Illuminate\\Http\\Request), Object(Closure))
#10 C:\\Users\\ASUS\\Desktop\\Projects\\public_html\\vendor\\laravel\\framework\\src\\Illuminate\\Pipeline\\Pipeline.php(208): Illuminate\\Foundation\\Http\\Middleware\\TrimStrings->handle(Object(Illuminate\\Http\\Request), Object(Closure))
#11 C:\\Users\\ASUS\\Desktop\\Projects\\public_html\\vendor\\laravel\\framework\\src\\Illuminate\\Http\\Middleware\\ValidatePostSize.php(27): Illuminate\\Pipeline\\Pipeline->Illuminate\\Pipeline\\{closure}(Object(Illuminate\\Http\\Request))
#12 C:\\Users\\ASUS\\Desktop\\Projects\\public_html\\vendor\\laravel\\framework\\src\\Illuminate\\Pipeline\\Pipeline.php(208): Illuminate\\Http\\Middleware\\ValidatePostSize->handle(Object(Illuminate\\Http\\Request), Object(Closure))
#13 C:\\Users\\ASUS\\Desktop\\Projects\\public_html\\vendor\\laravel\\framework\\src\\Illuminate\\Foundation\\Http\\Middleware\\PreventRequestsDuringMaintenance.php(109): Illuminate\\Pipeline\\Pipeline->Illuminate\\Pipeline\\{closure}(Object(Illuminate\\Http\\Request))
#14 C:\\Users\\ASUS\\Desktop\\Projects\\public_html\\vendor\\laravel\\framework\\src\\Illuminate\\Pipeline\\Pipeline.php(208): Illuminate\\Foundation\\Http\\Middleware\\PreventRequestsDuringMaintenance->handle(Object(Illuminate\\Http\\Request), Object(Closure))
#15 C:\\Users\\ASUS\\Desktop\\Projects\\public_html\\vendor\\laravel\\framework\\src\\Illuminate\\Http\\Middleware\\HandleCors.php(48): Illuminate\\Pipeline\\Pipeline->Illuminate\\Pipeline\\{closure}(Object(Illuminate\\Http\\Request))
#16 C:\\Users\\ASUS\\Desktop\\Projects\\public_html\\vendor\\laravel\\framework\\src\\Illuminate\\Pipeline\\Pipeline.php(208): Illuminate\\Http\\Middleware\\HandleCors->handle(Object(Illuminate\\Http\\Request), Object(Closure))
#17 C:\\Users\\ASUS\\Desktop\\Projects\\public_html\\vendor\\laravel\\framework\\src\\Illuminate\\Http\\Middleware\\TrustProxies.php(58): Illuminate\\Pipeline\\Pipeline->Illuminate\\Pipeline\\{closure}(Object(Illuminate\\Http\\Request))
#18 C:\\Users\\ASUS\\Desktop\\Projects\\public_html\\vendor\\laravel\\framework\\src\\Illuminate\\Pipeline\\Pipeline.php(208): Illuminate\\Http\\Middleware\\TrustProxies->handle(Object(Illuminate\\Http\\Request), Object(Closure))
#19 C:\\Users\\ASUS\\Desktop\\Projects\\public_html\\vendor\\laravel\\framework\\src\\Illuminate\\Foundation\\Http\\Middleware\\InvokeDeferredCallbacks.php(22): Illuminate\\Pipeline\\Pipeline->Illuminate\\Pipeline\\{closure}(Object(Illuminate\\Http\\Request))
#20 C:\\Users\\ASUS\\Desktop\\Projects\\public_html\\vendor\\laravel\\framework\\src\\Illuminate\\Pipeline\\Pipeline.php(208): Illuminate\\Foundation\\Http\\Middleware\\InvokeDeferredCallbacks->handle(Object(Illuminate\\Http\\Request), Object(Closure))
#21 C:\\Users\\ASUS\\Desktop\\Projects\\public_html\\vendor\\laravel\\framework\\src\\Illuminate\\Http\\Middleware\\ValidatePathEncoding.php(26): Illuminate\\Pipeline\\Pipeline->Illuminate\\Pipeline\\{closure}(Object(Illuminate\\Http\\Request))
#22 C:\\Users\\ASUS\\Desktop\\Projects\\public_html\\vendor\\laravel\\framework\\src\\Illuminate\\Pipeline\\Pipeline.php(208): Illuminate\\Http\\Middleware\\ValidatePathEncoding->handle(Object(Illuminate\\Http\\Request), Object(Closure))
#23 C:\\Users\\ASUS\\Desktop\\Projects\\public_html\\vendor\\laravel\\framework\\src\\Illuminate\\Pipeline\\Pipeline.php(126): Illuminate\\Pipeline\\Pipeline->Illuminate\\Pipeline\\{closure}(Object(Illuminate\\Http\\Request))
#24 C:\\Users\\ASUS\\Desktop\\Projects\\public_html\\vendor\\laravel\\framework\\src\\Illuminate\\Foundation\\Http\\Kernel.php(175): Illuminate\\Pipeline\\Pipeline->then(Object(Closure))
#25 C:\\Users\\ASUS\\Desktop\\Projects\\public_html\\vendor\\laravel\\framework\\src\\Illuminate\\Foundation\\Http\\Kernel.php(144): Illuminate\\Foundation\\Http\\Kernel->sendRequestThroughRouter(Object(Illuminate\\Http\\Request))
#26 C:\\Users\\ASUS\\Desktop\\Projects\\public_html\\vendor\\laravel\\framework\\src\\Illuminate\\Foundation\\Application.php(1219): Illuminate\\Foundation\\Http\\Kernel->handle(Object(Illuminate\\Http\\Request))
#27 C:\\Users\\ASUS\\Desktop\\Projects\\public_html\\public\\index.php(19): Illuminate\\Foundation\\Application->handleRequest(Object(Illuminate\\Http\\Request))
#28 C:\\Users\\ASUS\\Desktop\\Projects\\public_html\\vendor\\laravel\\framework\\src\\Illuminate\\Foundation\\resources\\server.php(23): require_once('C:\\\\Users\\\\ASUS\\\\D...')
#29 {main}

[previous exception] [object] (ReflectionException(code: -1): Class \"App\\Http\\Middleware\\ForceHttps\" does not exist at C:\\Users\\ASUS\\Desktop\\Projects\\public_html\\vendor\\laravel\\framework\\src\\Illuminate\\Container\\Container.php:1017)
[stacktrace]
#0 C:\\Users\\ASUS\\Desktop\\Projects\\public_html\\vendor\\laravel\\framework\\src\\Illuminate\\Container\\Container.php(1017): ReflectionClass->__construct('App\\\\Http\\\\Middle...')
#1 C:\\Users\\ASUS\\Desktop\\Projects\\public_html\\vendor\\laravel\\framework\\src\\Illuminate\\Container\\Container.php(890): Illuminate\\Container\\Container->build('App\\\\Http\\\\Middle...')
#2 C:\\Users\\ASUS\\Desktop\\Projects\\public_html\\vendor\\laravel\\framework\\src\\Illuminate\\Foundation\\Application.php(1077): Illuminate\\Container\\Container->resolve('App\\\\Http\\\\Middle...', Array, true)
#3 C:\\Users\\ASUS\\Desktop\\Projects\\public_html\\vendor\\laravel\\framework\\src\\Illuminate\\Container\\Container.php(821): Illuminate\\Foundation\\Application->resolve('App\\\\Http\\\\Middle...', Array)
#4 C:\\Users\\ASUS\\Desktop\\Projects\\public_html\\vendor\\laravel\\framework\\src\\Illuminate\\Foundation\\Application.php(1057): Illuminate\\Container\\Container->make('App\\\\Http\\\\Middle...', Array)
#5 C:\\Users\\ASUS\\Desktop\\Projects\\public_html\\vendor\\laravel\\framework\\src\\Illuminate\\Pipeline\\Pipeline.php(197): Illuminate\\Foundation\\Application->make('App\\\\Http\\\\Middle...')
#6 C:\\Users\\ASUS\\Desktop\\Projects\\public_html\\vendor\\laravel\\framework\\src\\Illuminate\\Foundation\\Http\\Middleware\\TransformsRequest.php(21): Illuminate\\Pipeline\\Pipeline->Illuminate\\Pipeline\\{closure}(Object(Illuminate\\Http\\Request))
#7 C:\\Users\\ASUS\\Desktop\\Projects\\public_html\\vendor\\laravel\\framework\\src\\Illuminate\\Foundation\\Http\\Middleware\\ConvertEmptyStringsToNull.php(31): Illuminate\\Foundation\\Http\\Middleware\\TransformsRequest->handle(Object(Illuminate\\Http\\Request), Object(Closure))
#8 C:\\Users\\ASUS\\Desktop\\Projects\\public_html\\vendor\\laravel\\framework\\src\\Illuminate\\Pipeline\\Pipeline.php(208): Illuminate\\Foundation\\Http\\Middleware\\ConvertEmptyStringsToNull->handle(Object(Illuminate\\Http\\Request), Object(Closure))
#9 C:\\Users\\ASUS\\Desktop\\Projects\\public_html\\vendor\\laravel\\framework\\src\\Illuminate\\Foundation\\Http\\Middleware\\TransformsRequest.php(21): Illuminate\\Pipeline\\Pipeline->Illuminate\\Pipeline\\{closure}(Object(Illuminate\\Http\\Request))
#10 C:\\Users\\ASUS\\Desktop\\Projects\\public_html\\vendor\\laravel\\framework\\src\\Illuminate\\Foundation\\Http\\Middleware\\TrimStrings.php(51): Illuminate\\Foundation\\Http\\Middleware\\TransformsRequest->handle(Object(Illuminate\\Http\\Request), Object(Closure))
#11 C:\\Users\\ASUS\\Desktop\\Projects\\public_html\\vendor\\laravel\\framework\\src\\Illuminate\\Pipeline\\Pipeline.php(208): Illuminate\\Foundation\\Http\\Middleware\\TrimStrings->handle(Object(Illuminate\\Http\\Request), Object(Closure))
#12 C:\\Users\\ASUS\\Desktop\\Projects\\public_html\\vendor\\laravel\\framework\\src\\Illuminate\\Http\\Middleware\\ValidatePostSize.php(27): Illuminate\\Pipeline\\Pipeline->Illuminate\\Pipeline\\{closure}(Object(Illuminate\\Http\\Request))
#13 C:\\Users\\ASUS\\Desktop\\Projects\\public_html\\vendor\\laravel\\framework\\src\\Illuminate\\Pipeline\\Pipeline.php(208): Illuminate\\Http\\Middleware\\ValidatePostSize->handle(Object(Illuminate\\Http\\Request), Object(Closure))
#14 C:\\Users\\ASUS\\Desktop\\Projects\\public_html\\vendor\\laravel\\framework\\src\\Illuminate\\Foundation\\Http\\Middleware\\PreventRequestsDuringMaintenance.php(109): Illuminate\\Pipeline\\Pipeline->Illuminate\\Pipeline\\{closure}(Object(Illuminate\\Http\\Request))
#15 C:\\Users\\ASUS\\Desktop\\Projects\\public_html\\vendor\\laravel\\framework\\src\\Illuminate\\Pipeline\\Pipeline.php(208): Illuminate\\Foundation\\Http\\Middleware\\PreventRequestsDuringMaintenance->handle(Object(Illuminate\\Http\\Request), Object(Closure))
#16 C:\\Users\\ASUS\\Desktop\\Projects\\public_html\\vendor\\laravel\\framework\\src\\Illuminate\\Http\\Middleware\\HandleCors.php(48): Illuminate\\Pipeline\\Pipeline->Illuminate\\Pipeline\\{closure}(Object(Illuminate\\Http\\Request))
#17 C:\\Users\\ASUS\\Desktop\\Projects\\public_html\\vendor\\laravel\\framework\\src\\Illuminate\\Pipeline\\Pipeline.php(208): Illuminate\\Http\\Middleware\\HandleCors->handle(Object(Illuminate\\Http\\Request), Object(Closure))
#18 C:\\Users\\ASUS\\Desktop\\Projects\\public_html\\vendor\\laravel\\framework\\src\\Illuminate\\Http\\Middleware\\TrustProxies.php(58): Illuminate\\Pipeline\\Pipeline->Illuminate\\Pipeline\\{closure}(Object(Illuminate\\Http\\Request))
#19 C:\\Users\\ASUS\\Desktop\\Projects\\public_html\\vendor\\laravel\\framework\\src\\Illuminate\\Pipeline\\Pipeline.php(208): Illuminate\\Http\\Middleware\\TrustProxies->handle(Object(Illuminate\\Http\\Request), Object(Closure))
#20 C:\\Users\\ASUS\\Desktop\\Projects\\public_html\\vendor\\laravel\\framework\\src\\Illuminate\\Foundation\\Http\\Middleware\\InvokeDeferredCallbacks.php(22): Illuminate\\Pipeline\\Pipeline->Illuminate\\Pipeline\\{closure}(Object(Illuminate\\Http\\Request))
#21 C:\\Users\\ASUS\\Desktop\\Projects\\public_html\\vendor\\laravel\\framework\\src\\Illuminate\\Pipeline\\Pipeline.php(208): Illuminate\\Foundation\\Http\\Middleware\\InvokeDeferredCallbacks->handle(Object(Illuminate\\Http\\Request), Object(Closure))
#22 C:\\Users\\ASUS\\Desktop\\Projects\\public_html\\vendor\\laravel\\framework\\src\\Illuminate\\Http\\Middleware\\ValidatePathEncoding.php(26): Illuminate\\Pipeline\\Pipeline->Illuminate\\Pipeline\\{closure}(Object(Illuminate\\Http\\Request))
#23 C:\\Users\\ASUS\\Desktop\\Projects\\public_html\\vendor\\laravel\\framework\\src\\Illuminate\\Pipeline\\Pipeline.php(208): Illuminate\\Http\\Middleware\\ValidatePathEncoding->handle(Object(Illuminate\\Http\\Request), Object(Closure))
#24 C:\\Users\\ASUS\\Desktop\\Projects\\public_html\\vendor\\laravel\\framework\\src\\Illuminate\\Pipeline\\Pipeline.php(126): Illuminate\\Pipeline\\Pipeline->Illuminate\\Pipeline\\{closure}(Object(Illuminate\\Http\\Request))
#25 C:\\Users\\ASUS\\Desktop\\Projects\\public_html\\vendor\\laravel\\framework\\src\\Illuminate\\Foundation\\Http\\Kernel.php(175): Illuminate\\Pipeline\\Pipeline->then(Object(Closure))
#26 C:\\Users\\ASUS\\Desktop\\Projects\\public_html\\vendor\\laravel\\framework\\src\\Illuminate\\Foundation\\Http\\Kernel.php(144): Illuminate\\Foundation\\Http\\Kernel->sendRequestThroughRouter(Object(Illuminate\\Http\\Request))
#27 C:\\Users\\ASUS\\Desktop\\Projects\\public_html\\vendor\\laravel\\framework\\src\\Illuminate\\Foundation\\Application.php(1219): Illuminate\\Foundation\\Http\\Kernel->handle(Object(Illuminate\\Http\\Request))
#28 C:\\Users\\ASUS\\Desktop\\Projects\\public_html\\public\\index.php(19): Illuminate\\Foundation\\Application->handleRequest(Object(Illuminate\\Http\\Request))
#29 C:\\Users\\ASUS\\Desktop\\Projects\\public_html\\vendor\\laravel\\framework\\src\\Illuminate\\Foundation\\resources\\server.php(23): require_once('C:\\\\Users\\\\ASUS\\\\D...')
#30 {main}
"} 
[2026-03-25 17:14:34] local.ERROR: Target class [App\Http\Middleware\ForceHttps] does not exist. {"exception":"[object] (Illuminate\\Contracts\\Container\\BindingResolutionException(code: 0): Target class [App\\Http\\Middleware\\ForceHttps] does not exist. at C:\\Users\\ASUS\\Desktop\\Projects\\public_html\\vendor\\laravel\\framework\\src\\Illuminate\\Container\\Container.php:1019)
[stacktrace]
#0 C:\\Users\\ASUS\\Desktop\\Projects\\public_html\\vendor\\laravel\\framework\\src\\Illuminate\\Container\\Container.php(890): Illuminate\\Container\\Container->build('App\\\\Http\\\\Middle...')
#1 C:\\Users\\ASUS\\Desktop\\Projects\\public_html\\vendor\\laravel\\framework\\src\\Illuminate\\Foundation\\Application.php(1077): Illuminate\\Container\\Container->resolve('App\\\\Http\\\\Middle...', Array, true)
#2 C:\\Users\\ASUS\\Desktop\\Projects\\public_html\\vendor\\laravel\\framework\\src\\Illuminate\\Container\\Container.php(821): Illuminate\\Foundation\\Application->resolve('App\\\\Http\\\\Middle...', Array)
#3 C:\\Users\\ASUS\\Desktop\\Projects\\public_html\\vendor\\laravel\\framework\\src\\Illuminate\\Foundation\\Application.php(1057): Illuminate\\Container\\Container->make('App\\\\Http\\\\Middle...', Array)
#4 C:\\Users\\ASUS\\Desktop\\Projects\\public_html\\vendor\\laravel\\framework\\src\\Illuminate\\Foundation\\Http\\Kernel.php(257): Illuminate\\Foundation\\Application->make('App\\\\Http\\\\Middle...')
#5 C:\\Users\\ASUS\\Desktop\\Projects\\public_html\\vendor\\laravel\\framework\\src\\Illuminate\\Foundation\\Http\\Kernel.php(215): Illuminate\\Foundation\\Http\\Kernel->terminateMiddleware(Object(Illuminate\\Http\\Request), Object(Illuminate\\Http\\Response))
#6 C:\\Users\\ASUS\\Desktop\\Projects\\public_html\\vendor\\laravel\\framework\\src\\Illuminate\\Foundation\\Application.php(1221): Illuminate\\Foundation\\Http\\Kernel->terminate(Object(Illuminate\\Http\\Request), Object(Illuminate\\Http\\Response))
#7 C:\\Users\\ASUS\\Desktop\\Projects\\public_html\\public\\index.php(19): Illuminate\\Foundation\\Application->handleRequest(Object(Illuminate\\Http\\Request))
#8 C:\\Users\\ASUS\\Desktop\\Projects\\public_html\\vendor\\laravel\\framework\\src\\Illuminate\\Foundation\\resources\\server.php(23): require_once('C:\\\\Users\\\\ASUS\\\\D...')
#9 {main}

[previous exception] [object] (ReflectionException(code: -1): Class \"App\\Http\\Middleware\\ForceHttps\" does not exist at C:\\Users\\ASUS\\Desktop\\Projects\\public_html\\vendor\\laravel\\framework\\src\\Illuminate\\Container\\Container.php:1017)
[stacktrace]
#0 C:\\Users\\ASUS\\Desktop\\Projects\\public_html\\vendor\\laravel\\framework\\src\\Illuminate\\Container\\Container.php(1017): ReflectionClass->__construct('App\\\\Http\\\\Middle...')
#1 C:\\Users\\ASUS\\Desktop\\Projects\\public_html\\vendor\\laravel\\framework\\src\\Illuminate\\Container\\Container.php(890): Illuminate\\Container\\Container->build('App\\\\Http\\\\Middle...')
#2 C:\\Users\\ASUS\\Desktop\\Projects\\public_html\\vendor\\laravel\\framework\\src\\Illuminate\\Foundation\\Application.php(1077): Illuminate\\Container\\Container->resolve('App\\\\Http\\\\Middle...', Array, true)
#3 C:\\Users\\ASUS\\Desktop\\Projects\\public_html\\vendor\\laravel\\framework\\src\\Illuminate\\Container\\Container.php(821): Illuminate\\Foundation\\Application->resolve('App\\\\Http\\\\Middle...', Array)
#4 C:\\Users\\ASUS\\Desktop\\Projects\\public_html\\vendor\\laravel\\framework\\src\\Illuminate\\Foundation\\Application.php(1057): Illuminate\\Container\\Container->make('App\\\\Http\\\\Middle...', Array)
#5 C:\\Users\\ASUS\\Desktop\\Projects\\public_html\\vendor\\laravel\\framework\\src\\Illuminate\\Foundation\\Http\\Kernel.php(257): Illuminate\\Foundation\\Application->make('App\\\\Http\\\\Middle...')
#6 C:\\Users\\ASUS\\Desktop\\Projects\\public_html\\vendor\\laravel\\framework\\src\\Illuminate\\Foundation\\Http\\Kernel.php(215): Illuminate\\Foundation\\Http\\Kernel->terminateMiddleware(Object(Illuminate\\Http\\Request), Object(Illuminate\\Http\\Response))
#7 C:\\Users\\ASUS\\Desktop\\Projects\\public_html\\vendor\\laravel\\framework\\src\\Illuminate\\Foundation\\Application.php(1221): Illuminate\\Foundation\\Http\\Kernel->terminate(Object(Illuminate\\Http\\Request), Object(Illuminate\\Http\\Response))
#8 C:\\Users\\ASUS\\Desktop\\Projects\\public_html\\public\\index.php(19): Illuminate\\Foundation\\Application->handleRequest(Object(Illuminate\\Http\\Request))
#9 C:\\Users\\ASUS\\Desktop\\Projects\\public_html\\vendor\\laravel\\framework\\src\\Illuminate\\Foundation\\resources\\server.php(23): require_once('C:\\\\Users\\\\ASUS\\\\D...')
#10 {main}
"} 
[2026-03-25 17:15:04] local.ERROR: Target class [App\Http\Middleware\ForceHttps] does not exist. {"exception":"[object] (Illuminate\\Contracts\\Container\\BindingResolutionException(code: 0): Target class [App\\Http\\Middleware\\ForceHttps] does not exist. at C:\\Users\\ASUS\\Desktop\\Projects\\public_html\\vendor\\laravel\\framework\\src\\Illuminate\\Container\\Container.php:1019)
[stacktrace]
#0 C:\\Users\\ASUS\\Desktop\\Projects\\public_html\\vendor\\laravel\\framework\\src\\Illuminate\\Container\\Container.php(890): Illuminate\\Container\\Container->build('App\\\\Http\\\\Middle...')
#1 C:\\Users\\ASUS\\Desktop\\Projects\\public_html\\vendor\\laravel\\framework\\src\\Illuminate\\Foundation\\Application.php(1077): Illuminate\\Container\\Container->resolve('App\\\\Http\\\\Middle...', Array, true)
#2 C:\\Users\\ASUS\\Desktop\\Projects\\public_html\\vendor\\laravel\\framework\\src\\Illuminate\\Container\\Container.php(821): Illuminate\\Foundation\\Application->resolve('App\\\\Http\\\\Middle...', Array)
#3 C:\\Users\\ASUS\\Desktop\\Projects\\public_html\\vendor\\laravel\\framework\\src\\Illuminate\\Foundation\\Application.php(1057): Illuminate\\Container\\Container->make('App\\\\Http\\\\Middle...', Array)
#4 C:\\Users\\ASUS\\Desktop\\Projects\\public_html\\vendor\\laravel\\framework\\src\\Illuminate\\Pipeline\\Pipeline.php(197): Illuminate\\Foundation\\Application->make('App\\\\Http\\\\Middle...')
#5 C:\\Users\\ASUS\\Desktop\\Projects\\public_html\\vendor\\laravel\\framework\\src\\Illuminate\\Foundation\\Http\\Middleware\\TransformsRequest.php(21): Illuminate\\Pipeline\\Pipeline->Illuminate\\Pipeline\\{closure}(Object(Illuminate\\Http\\Request))
#6 C:\\Users\\ASUS\\Desktop\\Projects\\public_html\\vendor\\laravel\\framework\\src\\Illuminate\\Foundation\\Http\\Middleware\\ConvertEmptyStringsToNull.php(31): Illuminate\\Foundation\\Http\\Middleware\\TransformsRequest->handle(Object(Illuminate\\Http\\Request), Object(Closure))
#7 C:\\Users\\ASUS\\Desktop\\Projects\\public_html\\vendor\\laravel\\framework\\src\\Illuminate\\Pipeline\\Pipeline.php(208): Illuminate\\Foundation\\Http\\Middleware\\ConvertEmptyStringsToNull->handle(Object(Illuminate\\Http\\Request), Object(Closure))
#8 C:\\Users\\ASUS\\Desktop\\Projects\\public_html\\vendor\\laravel\\framework\\src\\Illuminate\\Foundation\\Http\\Middleware\\TransformsRequest.php(21): Illuminate\\Pipeline\\Pipeline->Illuminate\\Pipeline\\{closure}(Object(Illuminate\\Http\\Request))
#9 C:\\Users\\ASUS\\Desktop\\Projects\\public_html\\vendor\\laravel\\framework\\src\\Illuminate\\Foundation\\Http\\Middleware\\TrimStrings.php(51): Illuminate\\Foundation\\Http\\Middleware\\TransformsRequest->handle(Object(Illuminate\\Http\\Request), Object(Closure))
#10 C:\\Users\\ASUS\\Desktop\\Projects\\public_html\\vendor\\laravel\\framework\\src\\Illuminate\\Pipeline\\Pipeline.php(208): Illuminate\\Foundation\\Http\\Middleware\\TrimStrings->handle(Object(Illuminate\\Http\\Request), Object(Closure))
#11 C:\\Users\\ASUS\\Desktop\\Projects\\public_html\\vendor\\laravel\\framework\\src\\Illuminate\\Http\\Middleware\\ValidatePostSize.php(27): Illuminate\\Pipeline\\Pipeline->Illuminate\\Pipeline\\{closure}(Object(Illuminate\\Http\\Request))
#12 C:\\Users\\ASUS\\Desktop\\Projects\\public_html\\vendor\\laravel\\framework\\src\\Illuminate\\Pipeline\\Pipeline.php(208): Illuminate\\Http\\Middleware\\ValidatePostSize->handle(Object(Illuminate\\Http\\Request), Object(Closure))
#13 C:\\Users\\ASUS\\Desktop\\Projects\\public_html\\vendor\\laravel\\framework\\src\\Illuminate\\Foundation\\Http\\Middleware\\PreventRequestsDuringMaintenance.php(109): Illuminate\\Pipeline\\Pipeline->Illuminate\\Pipeline\\{closure}(Object(Illuminate\\Http\\Request))
#14 C:\\Users\\ASUS\\Desktop\\Projects\\public_html\\vendor\\laravel\\framework\\src\\Illuminate\\Pipeline\\Pipeline.php(208): Illuminate\\Foundation\\Http\\Middleware\\PreventRequestsDuringMaintenance->handle(Object(Illuminate\\Http\\Request), Object(Closure))
#15 C:\\Users\\ASUS\\Desktop\\Projects\\public_html\\vendor\\laravel\\framework\\src\\Illuminate\\Http\\Middleware\\HandleCors.php(48): Illuminate\\Pipeline\\Pipeline->Illuminate\\Pipeline\\{closure}(Object(Illuminate\\Http\\Request))
#16 C:\\Users\\ASUS\\Desktop\\Projects\\public_html\\vendor\\laravel\\framework\\src\\Illuminate\\Pipeline\\Pipeline.php(208): Illuminate\\Http\\Middleware\\HandleCors->handle(Object(Illuminate\\Http\\Request), Object(Closure))
#17 C:\\Users\\ASUS\\Desktop\\Projects\\public_html\\vendor\\laravel\\framework\\src\\Illuminate\\Http\\Middleware\\TrustProxies.php(58): Illuminate\\Pipeline\\Pipeline->Illuminate\\Pipeline\\{closure}(Object(Illuminate\\Http\\Request))
#18 C:\\Users\\ASUS\\Desktop\\Projects\\public_html\\vendor\\laravel\\framework\\src\\Illuminate\\Pipeline\\Pipeline.php(208): Illuminate\\Http\\Middleware\\TrustProxies->handle(Object(Illuminate\\Http\\Request), Object(Closure))
#19 C:\\Users\\ASUS\\Desktop\\Projects\\public_html\\vendor\\laravel\\framework\\src\\Illuminate\\Foundation\\Http\\Middleware\\InvokeDeferredCallbacks.php(22): Illuminate\\Pipeline\\Pipeline->Illuminate\\Pipeline\\{closure}(Object(Illuminate\\Http\\Request))
#20 C:\\Users\\ASUS\\Desktop\\Projects\\public_html\\vendor\\laravel\\framework\\src\\Illuminate\\Pipeline\\Pipeline.php(208): Illuminate\\Foundation\\Http\\Middleware\\InvokeDeferredCallbacks->handle(Object(Illuminate\\Http\\Request), Object(Closure))
#21 C:\\Users\\ASUS\\Desktop\\Projects\\public_html\\vendor\\laravel\\framework\\src\\Illuminate\\Http\\Middleware\\ValidatePathEncoding.php(26): Illuminate\\Pipeline\\Pipeline->Illuminate\\Pipeline\\{closure}(Object(Illuminate\\Http\\Request))
#22 C:\\Users\\ASUS\\Desktop\\Projects\\public_html\\vendor\\laravel\\framework\\src\\Illuminate\\Pipeline\\Pipeline.php(208): Illuminate\\Http\\Middleware\\ValidatePathEncoding->handle(Object(Illuminate\\Http\\Request), Object(Closure))
#23 C:\\Users\\ASUS\\Desktop\\Projects\\public_html\\vendor\\laravel\\framework\\src\\Illuminate\\Pipeline\\Pipeline.php(126): Illuminate\\Pipeline\\Pipeline->Illuminate\\Pipeline\\{closure}(Object(Illuminate\\Http\\Request))
#24 C:\\Users\\ASUS\\Desktop\\Projects\\public_html\\vendor\\laravel\\framework\\src\\Illuminate\\Foundation\\Http\\Kernel.php(175): Illuminate\\Pipeline\\Pipeline->then(Object(Closure))
#25 C:\\Users\\ASUS\\Desktop\\Projects\\public_html\\vendor\\laravel\\framework\\src\\Illuminate\\Foundation\\Http\\Kernel.php(144): Illuminate\\Foundation\\Http\\Kernel->sendRequestThroughRouter(Object(Illuminate\\Http\\Request))
#26 C:\\Users\\ASUS\\Desktop\\Projects\\public_html\\vendor\\laravel\\framework\\src\\Illuminate\\Foundation\\Application.php(1219): Illuminate\\Foundation\\Http\\Kernel->handle(Object(Illuminate\\Http\\Request))
#27 C:\\Users\\ASUS\\Desktop\\Projects\\public_html\\public\\index.php(19): Illuminate\\Foundation\\Application->handleRequest(Object(Illuminate\\Http\\Request))
#28 C:\\Users\\ASUS\\Desktop\\Projects\\public_html\\vendor\\laravel\\framework\\src\\Illuminate\\Foundation\\resources\\server.php(23): require_once('C:\\\\Users\\\\ASUS\\\\D...')
#29 {main}

[previous exception] [object] (ReflectionException(code: -1): Class \"App\\Http\\Middleware\\ForceHttps\" does not exist at C:\\Users\\ASUS\\Desktop\\Projects\\public_html\\vendor\\laravel\\framework\\src\\Illuminate\\Container\\Container.php:1017)
[stacktrace]
#0 C:\\Users\\ASUS\\Desktop\\Projects\\public_html\\vendor\\laravel\\framework\\src\\Illuminate\\Container\\Container.php(1017): ReflectionClass->__construct('App\\\\Http\\\\Middle...')
#1 C:\\Users\\ASUS\\Desktop\\Projects\\public_html\\vendor\\laravel\\framework\\src\\Illuminate\\Container\\Container.php(890): Illuminate\\Container\\Container->build('App\\\\Http\\\\Middle...')
#2 C:\\Users\\ASUS\\Desktop\\Projects\\public_html\\vendor\\laravel\\framework\\src\\Illuminate\\Foundation\\Application.php(1077): Illuminate\\Container\\Container->resolve('App\\\\Http\\\\Middle...', Array, true)
#3 C:\\Users\\ASUS\\Desktop\\Projects\\public_html\\vendor\\laravel\\framework\\src\\Illuminate\\Container\\Container.php(821): Illuminate\\Foundation\\Application->resolve('App\\\\Http\\\\Middle...', Array)
#4 C:\\Users\\ASUS\\Desktop\\Projects\\public_html\\vendor\\laravel\\framework\\src\\Illuminate\\Foundation\\Application.php(1057): Illuminate\\Container\\Container->make('App\\\\Http\\\\Middle...', Array)
#5 C:\\Users\\ASUS\\Desktop\\Projects\\public_html\\vendor\\laravel\\framework\\src\\Illuminate\\Pipeline\\Pipeline.php(197): Illuminate\\Foundation\\Application->make('App\\\\Http\\\\Middle...')
#6 C:\\Users\\ASUS\\Desktop\\Projects\\public_html\\vendor\\laravel\\framework\\src\\Illuminate\\Foundation\\Http\\Middleware\\TransformsRequest.php(21): Illuminate\\Pipeline\\Pipeline->Illuminate\\Pipeline\\{closure}(Object(Illuminate\\Http\\Request))
#7 C:\\Users\\ASUS\\Desktop\\Projects\\public_html\\vendor\\laravel\\framework\\src\\Illuminate\\Foundation\\Http\\Middleware\\ConvertEmptyStringsToNull.php(31): Illuminate\\Foundation\\Http\\Middleware\\TransformsRequest->handle(Object(Illuminate\\Http\\Request), Object(Closure))
#8 C:\\Users\\ASUS\\Desktop\\Projects\\public_html\\vendor\\laravel\\framework\\src\\Illuminate\\Pipeline\\Pipeline.php(208): Illuminate\\Foundation\\Http\\Middleware\\ConvertEmptyStringsToNull->handle(Object(Illuminate\\Http\\Request), Object(Closure))
#9 C:\\Users\\ASUS\\Desktop\\Projects\\public_html\\vendor\\laravel\\framework\\src\\Illuminate\\Foundation\\Http\\Middleware\\TransformsRequest.php(21): Illuminate\\Pipeline\\Pipeline->Illuminate\\Pipeline\\{closure}(Object(Illuminate\\Http\\Request))
#10 C:\\Users\\ASUS\\Desktop\\Projects\\public_html\\vendor\\laravel\\framework\\src\\Illuminate\\Foundation\\Http\\Middleware\\TrimStrings.php(51): Illuminate\\Foundation\\Http\\Middleware\\TransformsRequest->handle(Object(Illuminate\\Http\\Request), Object(Closure))
#11 C:\\Users\\ASUS\\Desktop\\Projects\\public_html\\vendor\\laravel\\framework\\src\\Illuminate\\Pipeline\\Pipeline.php(208): Illuminate\\Foundation\\Http\\Middleware\\TrimStrings->handle(Object(Illuminate\\Http\\Request), Object(Closure))
#12 C:\\Users\\ASUS\\Desktop\\Projects\\public_html\\vendor\\laravel\\framework\\src\\Illuminate\\Http\\Middleware\\ValidatePostSize.php(27): Illuminate\\Pipeline\\Pipeline->Illuminate\\Pipeline\\{closure}(Object(Illuminate\\Http\\Request))
#13 C:\\Users\\ASUS\\Desktop\\Projects\\public_html\\vendor\\laravel\\framework\\src\\Illuminate\\Pipeline\\Pipeline.php(208): Illuminate\\Http\\Middleware\\ValidatePostSize->handle(Object(Illuminate\\Http\\Request), Object(Closure))
#14 C:\\Users\\ASUS\\Desktop\\Projects\\public_html\\vendor\\laravel\\framework\\src\\Illuminate\\Foundation\\Http\\Middleware\\PreventRequestsDuringMaintenance.php(109): Illuminate\\Pipeline\\Pipeline->Illuminate\\Pipeline\\{closure}(Object(Illuminate\\Http\\Request))
#15 C:\\Users\\ASUS\\Desktop\\Projects\\public_html\\vendor\\laravel\\framework\\src\\Illuminate\\Pipeline\\Pipeline.php(208): Illuminate\\Foundation\\Http\\Middleware\\PreventRequestsDuringMaintenance->handle(Object(Illuminate\\Http\\Request), Object(Closure))
#16 C:\\Users\\ASUS\\Desktop\\Projects\\public_html\\vendor\\laravel\\framework\\src\\Illuminate\\Http\\Middleware\\HandleCors.php(48): Illuminate\\Pipeline\\Pipeline->Illuminate\\Pipeline\\{closure}(Object(Illuminate\\Http\\Request))
#17 C:\\Users\\ASUS\\Desktop\\Projects\\public_html\\vendor\\laravel\\framework\\src\\Illuminate\\Pipeline\\Pipeline.php(208): Illuminate\\Http\\Middleware\\HandleCors->handle(Object(Illuminate\\Http\\Request), Object(Closure))
#18 C:\\Users\\ASUS\\Desktop\\Projects\\public_html\\vendor\\laravel\\framework\\src\\Illuminate\\Http\\Middleware\\TrustProxies.php(58): Illuminate\\Pipeline\\Pipeline->Illuminate\\Pipeline\\{closure}(Object(Illuminate\\Http\\Request))
#19 C:\\Users\\ASUS\\Desktop\\Projects\\public_html\\vendor\\laravel\\framework\\src\\Illuminate\\Pipeline\\Pipeline.php(208): Illuminate\\Http\\Middleware\\TrustProxies->handle(Object(Illuminate\\Http\\Request), Object(Closure))
#20 C:\\Users\\ASUS\\Desktop\\Projects\\public_html\\vendor\\laravel\\framework\\src\\Illuminate\\Foundation\\Http\\Middleware\\InvokeDeferredCallbacks.php(22): Illuminate\\Pipeline\\Pipeline->Illuminate\\Pipeline\\{closure}(Object(Illuminate\\Http\\Request))
#21 C:\\Users\\ASUS\\Desktop\\Projects\\public_html\\vendor\\laravel\\framework\\src\\Illuminate\\Pipeline\\Pipeline.php(208): Illuminate\\Foundation\\Http\\Middleware\\InvokeDeferredCallbacks->handle(Object(Illuminate\\Http\\Request), Object(Closure))
#22 C:\\Users\\ASUS\\Desktop\\Projects\\public_html\\vendor\\laravel\\framework\\src\\Illuminate\\Http\\Middleware\\ValidatePathEncoding.php(26): Illuminate\\Pipeline\\Pipeline->Illuminate\\Pipeline\\{closure}(Object(Illuminate\\Http\\Request))
#23 C:\\Users\\ASUS\\Desktop\\Projects\\public_html\\vendor\\laravel\\framework\\src\\Illuminate\\Pipeline\\Pipeline.php(208): Illuminate\\Http\\Middleware\\ValidatePathEncoding->handle(Object(Illuminate\\Http\\Request), Object(Closure))
#24 C:\\Users\\ASUS\\Desktop\\Projects\\public_html\\vendor\\laravel\\framework\\src\\Illuminate\\Pipeline\\Pipeline.php(126): Illuminate\\Pipeline\\Pipeline->Illuminate\\Pipeline\\{closure}(Object(Illuminate\\Http\\Request))
#25 C:\\Users\\ASUS\\Desktop\\Projects\\public_html\\vendor\\laravel\\framework\\src\\Illuminate\\Foundation\\Http\\Kernel.php(175): Illuminate\\Pipeline\\Pipeline->then(Object(Closure))
#26 C:\\Users\\ASUS\\Desktop\\Projects\\public_html\\vendor\\laravel\\framework\\src\\Illuminate\\Foundation\\Http\\Kernel.php(144): Illuminate\\Foundation\\Http\\Kernel->sendRequestThroughRouter(Object(Illuminate\\Http\\Request))
#27 C:\\Users\\ASUS\\Desktop\\Projects\\public_html\\vendor\\laravel\\framework\\src\\Illuminate\\Foundation\\Application.php(1219): Illuminate\\Foundation\\Http\\Kernel->handle(Object(Illuminate\\Http\\Request))
#28 C:\\Users\\ASUS\\Desktop\\Projects\\public_html\\public\\index.php(19): Illuminate\\Foundation\\Application->handleRequest(Object(Illuminate\\Http\\Request))
#29 C:\\Users\\ASUS\\Desktop\\Projects\\public_html\\vendor\\laravel\\framework\\src\\Illuminate\\Foundation\\resources\\server.php(23): require_once('C:\\\\Users\\\\ASUS\\\\D...')
#30 {main}
"} 
[2026-03-25 17:15:05] local.ERROR: Target class [App\Http\Middleware\ForceHttps] does not exist. {"exception":"[object] (Illuminate\\Contracts\\Container\\BindingResolutionException(code: 0): Target class [App\\Http\\Middleware\\ForceHttps] does not exist. at C:\\Users\\ASUS\\Desktop\\Projects\\public_html\\vendor\\laravel\\framework\\src\\Illuminate\\Container\\Container.php:1019)
[stacktrace]
#0 C:\\Users\\ASUS\\Desktop\\Projects\\public_html\\vendor\\laravel\\framework\\src\\Illuminate\\Container\\Container.php(890): Illuminate\\Container\\Container->build('App\\\\Http\\\\Middle...')
#1 C:\\Users\\ASUS\\Desktop\\Projects\\public_html\\vendor\\laravel\\framework\\src\\Illuminate\\Foundation\\Application.php(1077): Illuminate\\Container\\Container->resolve('App\\\\Http\\\\Middle...', Array, true)
#2 C:\\Users\\ASUS\\Desktop\\Projects\\public_html\\vendor\\laravel\\framework\\src\\Illuminate\\Container\\Container.php(821): Illuminate\\Foundation\\Application->resolve('App\\\\Http\\\\Middle...', Array)
#3 C:\\Users\\ASUS\\Desktop\\Projects\\public_html\\vendor\\laravel\\framework\\src\\Illuminate\\Foundation\\Application.php(1057): Illuminate\\Container\\Container->make('App\\\\Http\\\\Middle...', Array)
#4 C:\\Users\\ASUS\\Desktop\\Projects\\public_html\\vendor\\laravel\\framework\\src\\Illuminate\\Foundation\\Http\\Kernel.php(257): Illuminate\\Foundation\\Application->make('App\\\\Http\\\\Middle...')
#5 C:\\Users\\ASUS\\Desktop\\Projects\\public_html\\vendor\\laravel\\framework\\src\\Illuminate\\Foundation\\Http\\Kernel.php(215): Illuminate\\Foundation\\Http\\Kernel->terminateMiddleware(Object(Illuminate\\Http\\Request), Object(Illuminate\\Http\\Response))
#6 C:\\Users\\ASUS\\Desktop\\Projects\\public_html\\vendor\\laravel\\framework\\src\\Illuminate\\Foundation\\Application.php(1221): Illuminate\\Foundation\\Http\\Kernel->terminate(Object(Illuminate\\Http\\Request), Object(Illuminate\\Http\\Response))
#7 C:\\Users\\ASUS\\Desktop\\Projects\\public_html\\public\\index.php(19): Illuminate\\Foundation\\Application->handleRequest(Object(Illuminate\\Http\\Request))
#8 C:\\Users\\ASUS\\Desktop\\Projects\\public_html\\vendor\\laravel\\framework\\src\\Illuminate\\Foundation\\resources\\server.php(23): require_once('C:\\\\Users\\\\ASUS\\\\D...')
#9 {main}

[previous exception] [object] (ReflectionException(code: -1): Class \"App\\Http\\Middleware\\ForceHttps\" does not exist at C:\\Users\\ASUS\\Desktop\\Projects\\public_html\\vendor\\laravel\\framework\\src\\Illuminate\\Container\\Container.php:1017)
[stacktrace]
#0 C:\\Users\\ASUS\\Desktop\\Projects\\public_html\\vendor\\laravel\\framework\\src\\Illuminate\\Container\\Container.php(1017): ReflectionClass->__construct('App\\\\Http\\\\Middle...')
#1 C:\\Users\\ASUS\\Desktop\\Projects\\public_html\\vendor\\laravel\\framework\\src\\Illuminate\\Container\\Container.php(890): Illuminate\\Container\\Container->build('App\\\\Http\\\\Middle...')
#2 C:\\Users\\ASUS\\Desktop\\Projects\\public_html\\vendor\\laravel\\framework\\src\\Illuminate\\Foundation\\Application.php(1077): Illuminate\\Container\\Container->resolve('App\\\\Http\\\\Middle...', Array, true)
#3 C:\\Users\\ASUS\\Desktop\\Projects\\public_html\\vendor\\laravel\\framework\\src\\Illuminate\\Container\\Container.php(821): Illuminate\\Foundation\\Application->resolve('App\\\\Http\\\\Middle...', Array)
#4 C:\\Users\\ASUS\\Desktop\\Projects\\public_html\\vendor\\laravel\\framework\\src\\Illuminate\\Foundation\\Application.php(1057): Illuminate\\Container\\Container->make('App\\\\Http\\\\Middle...', Array)
#5 C:\\Users\\ASUS\\Desktop\\Projects\\public_html\\vendor\\laravel\\framework\\src\\Illuminate\\Foundation\\Http\\Kernel.php(257): Illuminate\\Foundation\\Application->make('App\\\\Http\\\\Middle...')
#6 C:\\Users\\ASUS\\Desktop\\Projects\\public_html\\vendor\\laravel\\framework\\src\\Illuminate\\Foundation\\Http\\Kernel.php(215): Illuminate\\Foundation\\Http\\Kernel->terminateMiddleware(Object(Illuminate\\Http\\Request), Object(Illuminate\\Http\\Response))
#7 C:\\Users\\ASUS\\Desktop\\Projects\\public_html\\vendor\\laravel\\framework\\src\\Illuminate\\Foundation\\Application.php(1221): Illuminate\\Foundation\\Http\\Kernel->terminate(Object(Illuminate\\Http\\Request), Object(Illuminate\\Http\\Response))
#8 C:\\Users\\ASUS\\Desktop\\Projects\\public_html\\public\\index.php(19): Illuminate\\Foundation\\Application->handleRequest(Object(Illuminate\\Http\\Request))
#9 C:\\Users\\ASUS\\Desktop\\Projects\\public_html\\vendor\\laravel\\framework\\src\\Illuminate\\Foundation\\resources\\server.php(23): require_once('C:\\\\Users\\\\ASUS\\\\D...')
#10 {main}
"} 
[2026-03-25 17:15:06] local.ERROR: Target class [App\Http\Middleware\ForceHttps] does not exist. {"exception":"[object] (Illuminate\\Contracts\\Container\\BindingResolutionException(code: 0): Target class [App\\Http\\Middleware\\ForceHttps] does not exist. at C:\\Users\\ASUS\\Desktop\\Projects\\public_html\\vendor\\laravel\\framework\\src\\Illuminate\\Container\\Container.php:1019)
[stacktrace]
#0 C:\\Users\\ASUS\\Desktop\\Projects\\public_html\\vendor\\laravel\\framework\\src\\Illuminate\\Container\\Container.php(890): Illuminate\\Container\\Container->build('App\\\\Http\\\\Middle...')
#1 C:\\Users\\ASUS\\Desktop\\Projects\\public_html\\vendor\\laravel\\framework\\src\\Illuminate\\Foundation\\Application.php(1077): Illuminate\\Container\\Container->resolve('App\\\\Http\\\\Middle...', Array, true)
#2 C:\\Users\\ASUS\\Desktop\\Projects\\public_html\\vendor\\laravel\\framework\\src\\Illuminate\\Container\\Container.php(821): Illuminate\\Foundation\\Application->resolve('App\\\\Http\\\\Middle...', Array)
#3 C:\\Users\\ASUS\\Desktop\\Projects\\public_html\\vendor\\laravel\\framework\\src\\Illuminate\\Foundation\\Application.php(1057): Illuminate\\Container\\Container->make('App\\\\Http\\\\Middle...', Array)
#4 C:\\Users\\ASUS\\Desktop\\Projects\\public_html\\vendor\\laravel\\framework\\src\\Illuminate\\Pipeline\\Pipeline.php(197): Illuminate\\Foundation\\Application->make('App\\\\Http\\\\Middle...')
#5 C:\\Users\\ASUS\\Desktop\\Projects\\public_html\\vendor\\laravel\\framework\\src\\Illuminate\\Foundation\\Http\\Middleware\\TransformsRequest.php(21): Illuminate\\Pipeline\\Pipeline->Illuminate\\Pipeline\\{closure}(Object(Illuminate\\Http\\Request))
#6 C:\\Users\\ASUS\\Desktop\\Projects\\public_html\\vendor\\laravel\\framework\\src\\Illuminate\\Foundation\\Http\\Middleware\\ConvertEmptyStringsToNull.php(31): Illuminate\\Foundation\\Http\\Middleware\\TransformsRequest->handle(Object(Illuminate\\Http\\Request), Object(Closure))
#7 C:\\Users\\ASUS\\Desktop\\Projects\\public_html\\vendor\\laravel\\framework\\src\\Illuminate\\Pipeline\\Pipeline.php(208): Illuminate\\Foundation\\Http\\Middleware\\ConvertEmptyStringsToNull->handle(Object(Illuminate\\Http\\Request), Object(Closure))
#8 C:\\Users\\ASUS\\Desktop\\Projects\\public_html\\vendor\\laravel\\framework\\src\\Illuminate\\Foundation\\Http\\Middleware\\TransformsRequest.php(21): Illuminate\\Pipeline\\Pipeline->Illuminate\\Pipeline\\{closure}(Object(Illuminate\\Http\\Request))
#9 C:\\Users\\ASUS\\Desktop\\Projects\\public_html\\vendor\\laravel\\framework\\src\\Illuminate\\Foundation\\Http\\Middleware\\TrimStrings.php(51): Illuminate\\Foundation\\Http\\Middleware\\TransformsRequest->handle(Object(Illuminate\\Http\\Request), Object(Closure))
#10 C:\\Users\\ASUS\\Desktop\\Projects\\public_html\\vendor\\laravel\\framework\\src\\Illuminate\\Pipeline\\Pipeline.php(208): Illuminate\\Foundation\\Http\\Middleware\\TrimStrings->handle(Object(Illuminate\\Http\\Request), Object(Closure))
#11 C:\\Users\\ASUS\\Desktop\\Projects\\public_html\\vendor\\laravel\\framework\\src\\Illuminate\\Http\\Middleware\\ValidatePostSize.php(27): Illuminate\\Pipeline\\Pipeline->Illuminate\\Pipeline\\{closure}(Object(Illuminate\\Http\\Request))
#12 C:\\Users\\ASUS\\Desktop\\Projects\\public_html\\vendor\\laravel\\framework\\src\\Illuminate\\Pipeline\\Pipeline.php(208): Illuminate\\Http\\Middleware\\ValidatePostSize->handle(Object(Illuminate\\Http\\Request), Object(Closure))
#13 C:\\Users\\ASUS\\Desktop\\Projects\\public_html\\vendor\\laravel\\framework\\src\\Illuminate\\Foundation\\Http\\Middleware\\PreventRequestsDuringMaintenance.php(109): Illuminate\\Pipeline\\Pipeline->Illuminate\\Pipeline\\{closure}(Object(Illuminate\\Http\\Request))
#14 C:\\Users\\ASUS\\Desktop\\Projects\\public_html\\vendor\\laravel\\framework\\src\\Illuminate\\Pipeline\\Pipeline.php(208): Illuminate\\Foundation\\Http\\Middleware\\PreventRequestsDuringMaintenance->handle(Object(Illuminate\\Http\\Request), Object(Closure))
#15 C:\\Users\\ASUS\\Desktop\\Projects\\public_html\\vendor\\laravel\\framework\\src\\Illuminate\\Http\\Middleware\\HandleCors.php(48): Illuminate\\Pipeline\\Pipeline->Illuminate\\Pipeline\\{closure}(Object(Illuminate\\Http\\Request))
#16 C:\\Users\\ASUS\\Desktop\\Projects\\public_html\\vendor\\laravel\\framework\\src\\Illuminate\\Pipeline\\Pipeline.php(208): Illuminate\\Http\\Middleware\\HandleCors->handle(Object(Illuminate\\Http\\Request), Object(Closure))
#17 C:\\Users\\ASUS\\Desktop\\Projects\\public_html\\vendor\\laravel\\framework\\src\\Illuminate\\Http\\Middleware\\TrustProxies.php(58): Illuminate\\Pipeline\\Pipeline->Illuminate\\Pipeline\\{closure}(Object(Illuminate\\Http\\Request))
#18 C:\\Users\\ASUS\\Desktop\\Projects\\public_html\\vendor\\laravel\\framework\\src\\Illuminate\\Pipeline\\Pipeline.php(208): Illuminate\\Http\\Middleware\\TrustProxies->handle(Object(Illuminate\\Http\\Request), Object(Closure))
#19 C:\\Users\\ASUS\\Desktop\\Projects\\public_html\\vendor\\laravel\\framework\\src\\Illuminate\\Foundation\\Http\\Middleware\\InvokeDeferredCallbacks.php(22): Illuminate\\Pipeline\\Pipeline->Illuminate\\Pipeline\\{closure}(Object(Illuminate\\Http\\Request))
#20 C:\\Users\\ASUS\\Desktop\\Projects\\public_html\\vendor\\laravel\\framework\\src\\Illuminate\\Pipeline\\Pipeline.php(208): Illuminate\\Foundation\\Http\\Middleware\\InvokeDeferredCallbacks->handle(Object(Illuminate\\Http\\Request), Object(Closure))
#21 C:\\Users\\ASUS\\Desktop\\Projects\\public_html\\vendor\\laravel\\framework\\src\\Illuminate\\Http\\Middleware\\ValidatePathEncoding.php(26): Illuminate\\Pipeline\\Pipeline->Illuminate\\Pipeline\\{closure}(Object(Illuminate\\Http\\Request))
#22 C:\\Users\\ASUS\\Desktop\\Projects\\public_html\\vendor\\laravel\\framework\\src\\Illuminate\\Pipeline\\Pipeline.php(208): Illuminate\\Http\\Middleware\\ValidatePathEncoding->handle(Object(Illuminate\\Http\\Request), Object(Closure))
#23 C:\\Users\\ASUS\\Desktop\\Projects\\public_html\\vendor\\laravel\\framework\\src\\Illuminate\\Pipeline\\Pipeline.php(126): Illuminate\\Pipeline\\Pipeline->Illuminate\\Pipeline\\{closure}(Object(Illuminate\\Http\\Request))
#24 C:\\Users\\ASUS\\Desktop\\Projects\\public_html\\vendor\\laravel\\framework\\src\\Illuminate\\Foundation\\Http\\Kernel.php(175): Illuminate\\Pipeline\\Pipeline->then(Object(Closure))
#25 C:\\Users\\ASUS\\Desktop\\Projects\\public_html\\vendor\\laravel\\framework\\src\\Illuminate\\Foundation\\Http\\Kernel.php(144): Illuminate\\Foundation\\Http\\Kernel->sendRequestThroughRouter(Object(Illuminate\\Http\\Request))
#26 C:\\Users\\ASUS\\Desktop\\Projects\\public_html\\vendor\\laravel\\framework\\src\\Illuminate\\Foundation\\Application.php(1219): Illuminate\\Foundation\\Http\\Kernel->handle(Object(Illuminate\\Http\\Request))
#27 C:\\Users\\ASUS\\Desktop\\Projects\\public_html\\public\\index.php(19): Illuminate\\Foundation\\Application->handleRequest(Object(Illuminate\\Http\\Request))
#28 C:\\Users\\ASUS\\Desktop\\Projects\\public_html\\vendor\\laravel\\framework\\src\\Illuminate\\Foundation\\resources\\server.php(23): require_once('C:\\\\Users\\\\ASUS\\\\D...')
#29 {main}

[previous exception] [object] (ReflectionException(code: -1): Class \"App\\Http\\Middleware\\ForceHttps\" does not exist at C:\\Users\\ASUS\\Desktop\\Projects\\public_html\\vendor\\laravel\\framework\\src\\Illuminate\\Container\\Container.php:1017)
[stacktrace]
#0 C:\\Users\\ASUS\\Desktop\\Projects\\public_html\\vendor\\laravel\\framework\\src\\Illuminate\\Container\\Container.php(1017): ReflectionClass->__construct('App\\\\Http\\\\Middle...')
#1 C:\\Users\\ASUS\\Desktop\\Projects\\public_html\\vendor\\laravel\\framework\\src\\Illuminate\\Container\\Container.php(890): Illuminate\\Container\\Container->build('App\\\\Http\\\\Middle...')
#2 C:\\Users\\ASUS\\Desktop\\Projects\\public_html\\vendor\\laravel\\framework\\src\\Illuminate\\Foundation\\Application.php(1077): Illuminate\\Container\\Container->resolve('App\\\\Http\\\\Middle...', Array, true)
#3 C:\\Users\\ASUS\\Desktop\\Projects\\public_html\\vendor\\laravel\\framework\\src\\Illuminate\\Container\\Container.php(821): Illuminate\\Foundation\\Application->resolve('App\\\\Http\\\\Middle...', Array)
#4 C:\\Users\\ASUS\\Desktop\\Projects\\public_html\\vendor\\laravel\\framework\\src\\Illuminate\\Foundation\\Application.php(1057): Illuminate\\Container\\Container->make('App\\\\Http\\\\Middle...', Array)
#5 C:\\Users\\ASUS\\Desktop\\Projects\\public_html\\vendor\\laravel\\framework\\src\\Illuminate\\Pipeline\\Pipeline.php(197): Illuminate\\Foundation\\Application->make('App\\\\Http\\\\Middle...')
#6 C:\\Users\\ASUS\\Desktop\\Projects\\public_html\\vendor\\laravel\\framework\\src\\Illuminate\\Foundation\\Http\\Middleware\\TransformsRequest.php(21): Illuminate\\Pipeline\\Pipeline->Illuminate\\Pipeline\\{closure}(Object(Illuminate\\Http\\Request))
#7 C:\\Users\\ASUS\\Desktop\\Projects\\public_html\\vendor\\laravel\\framework\\src\\Illuminate\\Foundation\\Http\\Middleware\\ConvertEmptyStringsToNull.php(31): Illuminate\\Foundation\\Http\\Middleware\\TransformsRequest->handle(Object(Illuminate\\Http\\Request), Object(Closure))
#8 C:\\Users\\ASUS\\Desktop\\Projects\\public_html\\vendor\\laravel\\framework\\src\\Illuminate\\Pipeline\\Pipeline.php(208): Illuminate\\Foundation\\Http\\Middleware\\ConvertEmptyStringsToNull->handle(Object(Illuminate\\Http\\Request), Object(Closure))
#9 C:\\Users\\ASUS\\Desktop\\Projects\\public_html\\vendor\\laravel\\framework\\src\\Illuminate\\Foundation\\Http\\Middleware\\TransformsRequest.php(21): Illuminate\\Pipeline\\Pipeline->Illuminate\\Pipeline\\{closure}(Object(Illuminate\\Http\\Request))
#10 C:\\Users\\ASUS\\Desktop\\Projects\\public_html\\vendor\\laravel\\framework\\src\\Illuminate\\Foundation\\Http\\Middleware\\TrimStrings.php(51): Illuminate\\Foundation\\Http\\Middleware\\TransformsRequest->handle(Object(Illuminate\\Http\\Request), Object(Closure))
#11 C:\\Users\\ASUS\\Desktop\\Projects\\public_html\\vendor\\laravel\\framework\\src\\Illuminate\\Pipeline\\Pipeline.php(208): Illuminate\\Foundation\\Http\\Middleware\\TrimStrings->handle(Object(Illuminate\\Http\\Request), Object(Closure))
#12 C:\\Users\\ASUS\\Desktop\\Projects\\public_html\\vendor\\laravel\\framework\\src\\Illuminate\\Http\\Middleware\\ValidatePostSize.php(27): Illuminate\\Pipeline\\Pipeline->Illuminate\\Pipeline\\{closure}(Object(Illuminate\\Http\\Request))
#13 C:\\Users\\ASUS\\Desktop\\Projects\\public_html\\vendor\\laravel\\framework\\src\\Illuminate\\Pipeline\\Pipeline.php(208): Illuminate\\Http\\Middleware\\ValidatePostSize->handle(Object(Illuminate\\Http\\Request), Object(Closure))
#14 C:\\Users\\ASUS\\Desktop\\Projects\\public_html\\vendor\\laravel\\framework\\src\\Illuminate\\Foundation\\Http\\Middleware\\PreventRequestsDuringMaintenance.php(109): Illuminate\\Pipeline\\Pipeline->Illuminate\\Pipeline\\{closure}(Object(Illuminate\\Http\\Request))
#15 C:\\Users\\ASUS\\Desktop\\Projects\\public_html\\vendor\\laravel\\framework\\src\\Illuminate\\Pipeline\\Pipeline.php(208): Illuminate\\Foundation\\Http\\Middleware\\PreventRequestsDuringMaintenance->handle(Object(Illuminate\\Http\\Request), Object(Closure))
#16 C:\\Users\\ASUS\\Desktop\\Projects\\public_html\\vendor\\laravel\\framework\\src\\Illuminate\\Http\\Middleware\\HandleCors.php(48): Illuminate\\Pipeline\\Pipeline->Illuminate\\Pipeline\\{closure}(Object(Illuminate\\Http\\Request))
#17 C:\\Users\\ASUS\\Desktop\\Projects\\public_html\\vendor\\laravel\\framework\\src\\Illuminate\\Pipeline\\Pipeline.php(208): Illuminate\\Http\\Middleware\\HandleCors->handle(Object(Illuminate\\Http\\Request), Object(Closure))
#18 C:\\Users\\ASUS\\Desktop\\Projects\\public_html\\vendor\\laravel\\framework\\src\\Illuminate\\Http\\Middleware\\TrustProxies.php(58): Illuminate\\Pipeline\\Pipeline->Illuminate\\Pipeline\\{closure}(Object(Illuminate\\Http\\Request))
#19 C:\\Users\\ASUS\\Desktop\\Projects\\public_html\\vendor\\laravel\\framework\\src\\Illuminate\\Pipeline\\Pipeline.php(208): Illuminate\\Http\\Middleware\\TrustProxies->handle(Object(Illuminate\\Http\\Request), Object(Closure))
#20 C:\\Users\\ASUS\\Desktop\\Projects\\public_html\\vendor\\laravel\\framework\\src\\Illuminate\\Foundation\\Http\\Middleware\\InvokeDeferredCallbacks.php(22): Illuminate\\Pipeline\\Pipeline->Illuminate\\Pipeline\\{closure}(Object(Illuminate\\Http\\Request))
#21 C:\\Users\\ASUS\\Desktop\\Projects\\public_html\\vendor\\laravel\\framework\\src\\Illuminate\\Pipeline\\Pipeline.php(208): Illuminate\\Foundation\\Http\\Middleware\\InvokeDeferredCallbacks->handle(Object(Illuminate\\Http\\Request), Object(Closure))
#22 C:\\Users\\ASUS\\Desktop\\Projects\\public_html\\vendor\\laravel\\framework\\src\\Illuminate\\Http\\Middleware\\ValidatePathEncoding.php(26): Illuminate\\Pipeline\\Pipeline->Illuminate\\Pipeline\\{closure}(Object(Illuminate\\Http\\Request))
#23 C:\\Users\\ASUS\\Desktop\\Projects\\public_html\\vendor\\laravel\\framework\\src\\Illuminate\\Pipeline\\Pipeline.php(208): Illuminate\\Http\\Middleware\\ValidatePathEncoding->handle(Object(Illuminate\\Http\\Request), Object(Closure))
#24 C:\\Users\\ASUS\\Desktop\\Projects\\public_html\\vendor\\laravel\\framework\\src\\Illuminate\\Pipeline\\Pipeline.php(126): Illuminate\\Pipeline\\Pipeline->Illuminate\\Pipeline\\{closure}(Object(Illuminate\\Http\\Request))
#25 C:\\Users\\ASUS\\Desktop\\Projects\\public_html\\vendor\\laravel\\framework\\src\\Illuminate\\Foundation\\Http\\Kernel.php(175): Illuminate\\Pipeline\\Pipeline->then(Object(Closure))
#26 C:\\Users\\ASUS\\Desktop\\Projects\\public_html\\vendor\\laravel\\framework\\src\\Illuminate\\Foundation\\Http\\Kernel.php(144): Illuminate\\Foundation\\Http\\Kernel->sendRequestThroughRouter(Object(Illuminate\\Http\\Request))
#27 C:\\Users\\ASUS\\Desktop\\Projects\\public_html\\vendor\\laravel\\framework\\src\\Illuminate\\Foundation\\Application.php(1219): Illuminate\\Foundation\\Http\\Kernel->handle(Object(Illuminate\\Http\\Request))
#28 C:\\Users\\ASUS\\Desktop\\Projects\\public_html\\public\\index.php(19): Illuminate\\Foundation\\Application->handleRequest(Object(Illuminate\\Http\\Request))
#29 C:\\Users\\ASUS\\Desktop\\Projects\\public_html\\vendor\\laravel\\framework\\src\\Illuminate\\Foundation\\resources\\server.php(23): require_once('C:\\\\Users\\\\ASUS\\\\D...')
#30 {main}
"} 
[2026-03-25 17:15:06] local.ERROR: Target class [App\Http\Middleware\ForceHttps] does not exist. {"exception":"[object] (Illuminate\\Contracts\\Container\\BindingResolutionException(code: 0): Target class [App\\Http\\Middleware\\ForceHttps] does not exist. at C:\\Users\\ASUS\\Desktop\\Projects\\public_html\\vendor\\laravel\\framework\\src\\Illuminate\\Container\\Container.php:1019)
[stacktrace]
#0 C:\\Users\\ASUS\\Desktop\\Projects\\public_html\\vendor\\laravel\\framework\\src\\Illuminate\\Container\\Container.php(890): Illuminate\\Container\\Container->build('App\\\\Http\\\\Middle...')
#1 C:\\Users\\ASUS\\Desktop\\Projects\\public_html\\vendor\\laravel\\framework\\src\\Illuminate\\Foundation\\Application.php(1077): Illuminate\\Container\\Container->resolve('App\\\\Http\\\\Middle...', Array, true)
#2 C:\\Users\\ASUS\\Desktop\\Projects\\public_html\\vendor\\laravel\\framework\\src\\Illuminate\\Container\\Container.php(821): Illuminate\\Foundation\\Application->resolve('App\\\\Http\\\\Middle...', Array)
#3 C:\\Users\\ASUS\\Desktop\\Projects\\public_html\\vendor\\laravel\\framework\\src\\Illuminate\\Foundation\\Application.php(1057): Illuminate\\Container\\Container->make('App\\\\Http\\\\Middle...', Array)
#4 C:\\Users\\ASUS\\Desktop\\Projects\\public_html\\vendor\\laravel\\framework\\src\\Illuminate\\Foundation\\Http\\Kernel.php(257): Illuminate\\Foundation\\Application->make('App\\\\Http\\\\Middle...')
#5 C:\\Users\\ASUS\\Desktop\\Projects\\public_html\\vendor\\laravel\\framework\\src\\Illuminate\\Foundation\\Http\\Kernel.php(215): Illuminate\\Foundation\\Http\\Kernel->terminateMiddleware(Object(Illuminate\\Http\\Request), Object(Illuminate\\Http\\Response))
#6 C:\\Users\\ASUS\\Desktop\\Projects\\public_html\\vendor\\laravel\\framework\\src\\Illuminate\\Foundation\\Application.php(1221): Illuminate\\Foundation\\Http\\Kernel->terminate(Object(Illuminate\\Http\\Request), Object(Illuminate\\Http\\Response))
#7 C:\\Users\\ASUS\\Desktop\\Projects\\public_html\\public\\index.php(19): Illuminate\\Foundation\\Application->handleRequest(Object(Illuminate\\Http\\Request))
#8 C:\\Users\\ASUS\\Desktop\\Projects\\public_html\\vendor\\laravel\\framework\\src\\Illuminate\\Foundation\\resources\\server.php(23): require_once('C:\\\\Users\\\\ASUS\\\\D...')
#9 {main}

[previous exception] [object] (ReflectionException(code: -1): Class \"App\\Http\\Middleware\\ForceHttps\" does not exist at C:\\Users\\ASUS\\Desktop\\Projects\\public_html\\vendor\\laravel\\framework\\src\\Illuminate\\Container\\Container.php:1017)
[stacktrace]
#0 C:\\Users\\ASUS\\Desktop\\Projects\\public_html\\vendor\\laravel\\framework\\src\\Illuminate\\Container\\Container.php(1017): ReflectionClass->__construct('App\\\\Http\\\\Middle...')
#1 C:\\Users\\ASUS\\Desktop\\Projects\\public_html\\vendor\\laravel\\framework\\src\\Illuminate\\Container\\Container.php(890): Illuminate\\Container\\Container->build('App\\\\Http\\\\Middle...')
#2 C:\\Users\\ASUS\\Desktop\\Projects\\public_html\\vendor\\laravel\\framework\\src\\Illuminate\\Foundation\\Application.php(1077): Illuminate\\Container\\Container->resolve('App\\\\Http\\\\Middle...', Array, true)
#3 C:\\Users\\ASUS\\Desktop\\Projects\\public_html\\vendor\\laravel\\framework\\src\\Illuminate\\Container\\Container.php(821): Illuminate\\Foundation\\Application->resolve('App\\\\Http\\\\Middle...', Array)
#4 C:\\Users\\ASUS\\Desktop\\Projects\\public_html\\vendor\\laravel\\framework\\src\\Illuminate\\Foundation\\Application.php(1057): Illuminate\\Container\\Container->make('App\\\\Http\\\\Middle...', Array)
#5 C:\\Users\\ASUS\\Desktop\\Projects\\public_html\\vendor\\laravel\\framework\\src\\Illuminate\\Foundation\\Http\\Kernel.php(257): Illuminate\\Foundation\\Application->make('App\\\\Http\\\\Middle...')
#6 C:\\Users\\ASUS\\Desktop\\Projects\\public_html\\vendor\\laravel\\framework\\src\\Illuminate\\Foundation\\Http\\Kernel.php(215): Illuminate\\Foundation\\Http\\Kernel->terminateMiddleware(Object(Illuminate\\Http\\Request), Object(Illuminate\\Http\\Response))
#7 C:\\Users\\ASUS\\Desktop\\Projects\\public_html\\vendor\\laravel\\framework\\src\\Illuminate\\Foundation\\Application.php(1221): Illuminate\\Foundation\\Http\\Kernel->terminate(Object(Illuminate\\Http\\Request), Object(Illuminate\\Http\\Response))
#8 C:\\Users\\ASUS\\Desktop\\Projects\\public_html\\public\\index.php(19): Illuminate\\Foundation\\Application->handleRequest(Object(Illuminate\\Http\\Request))
#9 C:\\Users\\ASUS\\Desktop\\Projects\\public_html\\vendor\\laravel\\framework\\src\\Illuminate\\Foundation\\resources\\server.php(23): require_once('C:\\\\Users\\\\ASUS\\\\D...')
#10 {main}
"} 
[2026-03-25 17:15:12] local.ERROR: Target class [App\Http\Middleware\ForceHttps] does not exist. {"exception":"[object] (Illuminate\\Contracts\\Container\\BindingResolutionException(code: 0): Target class [App\\Http\\Middleware\\ForceHttps] does not exist. at C:\\Users\\ASUS\\Desktop\\Projects\\public_html\\vendor\\laravel\\framework\\src\\Illuminate\\Container\\Container.php:1019)
[stacktrace]
#0 C:\\Users\\ASUS\\Desktop\\Projects\\public_html\\vendor\\laravel\\framework\\src\\Illuminate\\Container\\Container.php(890): Illuminate\\Container\\Container->build('App\\\\Http\\\\Middle...')
#1 C:\\Users\\ASUS\\Desktop\\Projects\\public_html\\vendor\\laravel\\framework\\src\\Illuminate\\Foundation\\Application.php(1077): Illuminate\\Container\\Container->resolve('App\\\\Http\\\\Middle...', Array, true)
#2 C:\\Users\\ASUS\\Desktop\\Projects\\public_html\\vendor\\laravel\\framework\\src\\Illuminate\\Container\\Container.php(821): Illuminate\\Foundation\\Application->resolve('App\\\\Http\\\\Middle...', Array)
#3 C:\\Users\\ASUS\\Desktop\\Projects\\public_html\\vendor\\laravel\\framework\\src\\Illuminate\\Foundation\\Application.php(1057): Illuminate\\Container\\Container->make('App\\\\Http\\\\Middle...', Array)
#4 C:\\Users\\ASUS\\Desktop\\Projects\\public_html\\vendor\\laravel\\framework\\src\\Illuminate\\Pipeline\\Pipeline.php(197): Illuminate\\Foundation\\Application->make('App\\\\Http\\\\Middle...')
#5 C:\\Users\\ASUS\\Desktop\\Projects\\public_html\\vendor\\laravel\\framework\\src\\Illuminate\\Foundation\\Http\\Middleware\\TransformsRequest.php(21): Illuminate\\Pipeline\\Pipeline->Illuminate\\Pipeline\\{closure}(Object(Illuminate\\Http\\Request))
#6 C:\\Users\\ASUS\\Desktop\\Projects\\public_html\\vendor\\laravel\\framework\\src\\Illuminate\\Foundation\\Http\\Middleware\\ConvertEmptyStringsToNull.php(31): Illuminate\\Foundation\\Http\\Middleware\\TransformsRequest->handle(Object(Illuminate\\Http\\Request), Object(Closure))
#7 C:\\Users\\ASUS\\Desktop\\Projects\\public_html\\vendor\\laravel\\framework\\src\\Illuminate\\Pipeline\\Pipeline.php(208): Illuminate\\Foundation\\Http\\Middleware\\ConvertEmptyStringsToNull->handle(Object(Illuminate\\Http\\Request), Object(Closure))
#8 C:\\Users\\ASUS\\Desktop\\Projects\\public_html\\vendor\\laravel\\framework\\src\\Illuminate\\Foundation\\Http\\Middleware\\TransformsRequest.php(21): Illuminate\\Pipeline\\Pipeline->Illuminate\\Pipeline\\{closure}(Object(Illuminate\\Http\\Request))
#9 C:\\Users\\ASUS\\Desktop\\Projects\\public_html\\vendor\\laravel\\framework\\src\\Illuminate\\Foundation\\Http\\Middleware\\TrimStrings.php(51): Illuminate\\Foundation\\Http\\Middleware\\TransformsRequest->handle(Object(Illuminate\\Http\\Request), Object(Closure))
#10 C:\\Users\\ASUS\\Desktop\\Projects\\public_html\\vendor\\laravel\\framework\\src\\Illuminate\\Pipeline\\Pipeline.php(208): Illuminate\\Foundation\\Http\\Middleware\\TrimStrings->handle(Object(Illuminate\\Http\\Request), Object(Closure))
#11 C:\\Users\\ASUS\\Desktop\\Projects\\public_html\\vendor\\laravel\\framework\\src\\Illuminate\\Http\\Middleware\\ValidatePostSize.php(27): Illuminate\\Pipeline\\Pipeline->Illuminate\\Pipeline\\{closure}(Object(Illuminate\\Http\\Request))
#12 C:\\Users\\ASUS\\Desktop\\Projects\\public_html\\vendor\\laravel\\framework\\src\\Illuminate\\Pipeline\\Pipeline.php(208): Illuminate\\Http\\Middleware\\ValidatePostSize->handle(Object(Illuminate\\Http\\Request), Object(Closure))
#13 C:\\Users\\ASUS\\Desktop\\Projects\\public_html\\vendor\\laravel\\framework\\src\\Illuminate\\Foundation\\Http\\Middleware\\PreventRequestsDuringMaintenance.php(109): Illuminate\\Pipeline\\Pipeline->Illuminate\\Pipeline\\{closure}(Object(Illuminate\\Http\\Request))
#14 C:\\Users\\ASUS\\Desktop\\Projects\\public_html\\vendor\\laravel\\framework\\src\\Illuminate\\Pipeline\\Pipeline.php(208): Illuminate\\Foundation\\Http\\Middleware\\PreventRequestsDuringMaintenance->handle(Object(Illuminate\\Http\\Request), Object(Closure))
#15 C:\\Users\\ASUS\\Desktop\\Projects\\public_html\\vendor\\laravel\\framework\\src\\Illuminate\\Http\\Middleware\\HandleCors.php(48): Illuminate\\Pipeline\\Pipeline->Illuminate\\Pipeline\\{closure}(Object(Illuminate\\Http\\Request))
#16 C:\\Users\\ASUS\\Desktop\\Projects\\public_html\\vendor\\laravel\\framework\\src\\Illuminate\\Pipeline\\Pipeline.php(208): Illuminate\\Http\\Middleware\\HandleCors->handle(Object(Illuminate\\Http\\Request), Object(Closure))
#17 C:\\Users\\ASUS\\Desktop\\Projects\\public_html\\vendor\\laravel\\framework\\src\\Illuminate\\Http\\Middleware\\TrustProxies.php(58): Illuminate\\Pipeline\\Pipeline->Illuminate\\Pipeline\\{closure}(Object(Illuminate\\Http\\Request))
#18 C:\\Users\\ASUS\\Desktop\\Projects\\public_html\\vendor\\laravel\\framework\\src\\Illuminate\\Pipeline\\Pipeline.php(208): Illuminate\\Http\\Middleware\\TrustProxies->handle(Object(Illuminate\\Http\\Request), Object(Closure))
#19 C:\\Users\\ASUS\\Desktop\\Projects\\public_html\\vendor\\laravel\\framework\\src\\Illuminate\\Foundation\\Http\\Middleware\\InvokeDeferredCallbacks.php(22): Illuminate\\Pipeline\\Pipeline->Illuminate\\Pipeline\\{closure}(Object(Illuminate\\Http\\Request))
#20 C:\\Users\\ASUS\\Desktop\\Projects\\public_html\\vendor\\laravel\\framework\\src\\Illuminate\\Pipeline\\Pipeline.php(208): Illuminate\\Foundation\\Http\\Middleware\\InvokeDeferredCallbacks->handle(Object(Illuminate\\Http\\Request), Object(Closure))
#21 C:\\Users\\ASUS\\Desktop\\Projects\\public_html\\vendor\\laravel\\framework\\src\\Illuminate\\Http\\Middleware\\ValidatePathEncoding.php(26): Illuminate\\Pipeline\\Pipeline->Illuminate\\Pipeline\\{closure}(Object(Illuminate\\Http\\Request))
#22 C:\\Users\\ASUS\\Desktop\\Projects\\public_html\\vendor\\laravel\\framework\\src\\Illuminate\\Pipeline\\Pipeline.php(208): Illuminate\\Http\\Middleware\\ValidatePathEncoding->handle(Object(Illuminate\\Http\\Request), Object(Closure))
#23 C:\\Users\\ASUS\\Desktop\\Projects\\public_html\\vendor\\laravel\\framework\\src\\Illuminate\\Pipeline\\Pipeline.php(126): Illuminate\\Pipeline\\Pipeline->Illuminate\\Pipeline\\{closure}(Object(Illuminate\\Http\\Request))
#24 C:\\Users\\ASUS\\Desktop\\Projects\\public_html\\vendor\\laravel\\framework\\src\\Illuminate\\Foundation\\Http\\Kernel.php(175): Illuminate\\Pipeline\\Pipeline->then(Object(Closure))
#25 C:\\Users\\ASUS\\Desktop\\Projects\\public_html\\vendor\\laravel\\framework\\src\\Illuminate\\Foundation\\Http\\Kernel.php(144): Illuminate\\Foundation\\Http\\Kernel->sendRequestThroughRouter(Object(Illuminate\\Http\\Request))
#26 C:\\Users\\ASUS\\Desktop\\Projects\\public_html\\vendor\\laravel\\framework\\src\\Illuminate\\Foundation\\Application.php(1219): Illuminate\\Foundation\\Http\\Kernel->handle(Object(Illuminate\\Http\\Request))
#27 C:\\Users\\ASUS\\Desktop\\Projects\\public_html\\public\\index.php(19): Illuminate\\Foundation\\Application->handleRequest(Object(Illuminate\\Http\\Request))
#28 C:\\Users\\ASUS\\Desktop\\Projects\\public_html\\vendor\\laravel\\framework\\src\\Illuminate\\Foundation\\resources\\server.php(23): require_once('C:\\\\Users\\\\ASUS\\\\D...')
#29 {main}

[previous exception] [object] (ReflectionException(code: -1): Class \"App\\Http\\Middleware\\ForceHttps\" does not exist at C:\\Users\\ASUS\\Desktop\\Projects\\public_html\\vendor\\laravel\\framework\\src\\Illuminate\\Container\\Container.php:1017)
[stacktrace]
#0 C:\\Users\\ASUS\\Desktop\\Projects\\public_html\\vendor\\laravel\\framework\\src\\Illuminate\\Container\\Container.php(1017): ReflectionClass->__construct('App\\\\Http\\\\Middle...')
#1 C:\\Users\\ASUS\\Desktop\\Projects\\public_html\\vendor\\laravel\\framework\\src\\Illuminate\\Container\\Container.php(890): Illuminate\\Container\\Container->build('App\\\\Http\\\\Middle...')
#2 C:\\Users\\ASUS\\Desktop\\Projects\\public_html\\vendor\\laravel\\framework\\src\\Illuminate\\Foundation\\Application.php(1077): Illuminate\\Container\\Container->resolve('App\\\\Http\\\\Middle...', Array, true)
#3 C:\\Users\\ASUS\\Desktop\\Projects\\public_html\\vendor\\laravel\\framework\\src\\Illuminate\\Container\\Container.php(821): Illuminate\\Foundation\\Application->resolve('App\\\\Http\\\\Middle...', Array)
#4 C:\\Users\\ASUS\\Desktop\\Projects\\public_html\\vendor\\laravel\\framework\\src\\Illuminate\\Foundation\\Application.php(1057): Illuminate\\Container\\Container->make('App\\\\Http\\\\Middle...', Array)
#5 C:\\Users\\ASUS\\Desktop\\Projects\\public_html\\vendor\\laravel\\framework\\src\\Illuminate\\Pipeline\\Pipeline.php(197): Illuminate\\Foundation\\Application->make('App\\\\Http\\\\Middle...')
#6 C:\\Users\\ASUS\\Desktop\\Projects\\public_html\\vendor\\laravel\\framework\\src\\Illuminate\\Foundation\\Http\\Middleware\\TransformsRequest.php(21): Illuminate\\Pipeline\\Pipeline->Illuminate\\Pipeline\\{closure}(Object(Illuminate\\Http\\Request))
#7 C:\\Users\\ASUS\\Desktop\\Projects\\public_html\\vendor\\laravel\\framework\\src\\Illuminate\\Foundation\\Http\\Middleware\\ConvertEmptyStringsToNull.php(31): Illuminate\\Foundation\\Http\\Middleware\\TransformsRequest->handle(Object(Illuminate\\Http\\Request), Object(Closure))
#8 C:\\Users\\ASUS\\Desktop\\Projects\\public_html\\vendor\\laravel\\framework\\src\\Illuminate\\Pipeline\\Pipeline.php(208): Illuminate\\Foundation\\Http\\Middleware\\ConvertEmptyStringsToNull->handle(Object(Illuminate\\Http\\Request), Object(Closure))
#9 C:\\Users\\ASUS\\Desktop\\Projects\\public_html\\vendor\\laravel\\framework\\src\\Illuminate\\Foundation\\Http\\Middleware\\TransformsRequest.php(21): Illuminate\\Pipeline\\Pipeline->Illuminate\\Pipeline\\{closure}(Object(Illuminate\\Http\\Request))
#10 C:\\Users\\ASUS\\Desktop\\Projects\\public_html\\vendor\\laravel\\framework\\src\\Illuminate\\Foundation\\Http\\Middleware\\TrimStrings.php(51): Illuminate\\Foundation\\Http\\Middleware\\TransformsRequest->handle(Object(Illuminate\\Http\\Request), Object(Closure))
#11 C:\\Users\\ASUS\\Desktop\\Projects\\public_html\\vendor\\laravel\\framework\\src\\Illuminate\\Pipeline\\Pipeline.php(208): Illuminate\\Foundation\\Http\\Middleware\\TrimStrings->handle(Object(Illuminate\\Http\\Request), Object(Closure))
#12 C:\\Users\\ASUS\\Desktop\\Projects\\public_html\\vendor\\laravel\\framework\\src\\Illuminate\\Http\\Middleware\\ValidatePostSize.php(27): Illuminate\\Pipeline\\Pipeline->Illuminate\\Pipeline\\{closure}(Object(Illuminate\\Http\\Request))
#13 C:\\Users\\ASUS\\Desktop\\Projects\\public_html\\vendor\\laravel\\framework\\src\\Illuminate\\Pipeline\\Pipeline.php(208): Illuminate\\Http\\Middleware\\ValidatePostSize->handle(Object(Illuminate\\Http\\Request), Object(Closure))
#14 C:\\Users\\ASUS\\Desktop\\Projects\\public_html\\vendor\\laravel\\framework\\src\\Illuminate\\Foundation\\Http\\Middleware\\PreventRequestsDuringMaintenance.php(109): Illuminate\\Pipeline\\Pipeline->Illuminate\\Pipeline\\{closure}(Object(Illuminate\\Http\\Request))
#15 C:\\Users\\ASUS\\Desktop\\Projects\\public_html\\vendor\\laravel\\framework\\src\\Illuminate\\Pipeline\\Pipeline.php(208): Illuminate\\Foundation\\Http\\Middleware\\PreventRequestsDuringMaintenance->handle(Object(Illuminate\\Http\\Request), Object(Closure))
#16 C:\\Users\\ASUS\\Desktop\\Projects\\public_html\\vendor\\laravel\\framework\\src\\Illuminate\\Http\\Middleware\\HandleCors.php(48): Illuminate\\Pipeline\\Pipeline->Illuminate\\Pipeline\\{closure}(Object(Illuminate\\Http\\Request))
#17 C:\\Users\\ASUS\\Desktop\\Projects\\public_html\\vendor\\laravel\\framework\\src\\Illuminate\\Pipeline\\Pipeline.php(208): Illuminate\\Http\\Middleware\\HandleCors->handle(Object(Illuminate\\Http\\Request), Object(Closure))
#18 C:\\Users\\ASUS\\Desktop\\Projects\\public_html\\vendor\\laravel\\framework\\src\\Illuminate\\Http\\Middleware\\TrustProxies.php(58): Illuminate\\Pipeline\\Pipeline->Illuminate\\Pipeline\\{closure}(Object(Illuminate\\Http\\Request))
#19 C:\\Users\\ASUS\\Desktop\\Projects\\public_html\\vendor\\laravel\\framework\\src\\Illuminate\\Pipeline\\Pipeline.php(208): Illuminate\\Http\\Middleware\\TrustProxies->handle(Object(Illuminate\\Http\\Request), Object(Closure))
#20 C:\\Users\\ASUS\\Desktop\\Projects\\public_html\\vendor\\laravel\\framework\\src\\Illuminate\\Foundation\\Http\\Middleware\\InvokeDeferredCallbacks.php(22): Illuminate\\Pipeline\\Pipeline->Illuminate\\Pipeline\\{closure}(Object(Illuminate\\Http\\Request))
#21 C:\\Users\\ASUS\\Desktop\\Projects\\public_html\\vendor\\laravel\\framework\\src\\Illuminate\\Pipeline\\Pipeline.php(208): Illuminate\\Foundation\\Http\\Middleware\\InvokeDeferredCallbacks->handle(Object(Illuminate\\Http\\Request), Object(Closure))
#22 C:\\Users\\ASUS\\Desktop\\Projects\\public_html\\vendor\\laravel\\framework\\src\\Illuminate\\Http\\Middleware\\ValidatePathEncoding.php(26): Illuminate\\Pipeline\\Pipeline->Illuminate\\Pipeline\\{closure}(Object(Illuminate\\Http\\Request))
#23 C:\\Users\\ASUS\\Desktop\\Projects\\public_html\\vendor\\laravel\\framework\\src\\Illuminate\\Pipeline\\Pipeline.php(208): Illuminate\\Http\\Middleware\\ValidatePathEncoding->handle(Object(Illuminate\\Http\\Request), Object(Closure))
#24 C:\\Users\\ASUS\\Desktop\\Projects\\public_html\\vendor\\laravel\\framework\\src\\Illuminate\\Pipeline\\Pipeline.php(126): Illuminate\\Pipeline\\Pipeline->Illuminate\\Pipeline\\{closure}(Object(Illuminate\\Http\\Request))
#25 C:\\Users\\ASUS\\Desktop\\Projects\\public_html\\vendor\\laravel\\framework\\src\\Illuminate\\Foundation\\Http\\Kernel.php(175): Illuminate\\Pipeline\\Pipeline->then(Object(Closure))
#26 C:\\Users\\ASUS\\Desktop\\Projects\\public_html\\vendor\\laravel\\framework\\src\\Illuminate\\Foundation\\Http\\Kernel.php(144): Illuminate\\Foundation\\Http\\Kernel->sendRequestThroughRouter(Object(Illuminate\\Http\\Request))
#27 C:\\Users\\ASUS\\Desktop\\Projects\\public_html\\vendor\\laravel\\framework\\src\\Illuminate\\Foundation\\Application.php(1219): Illuminate\\Foundation\\Http\\Kernel->handle(Object(Illuminate\\Http\\Request))
#28 C:\\Users\\ASUS\\Desktop\\Projects\\public_html\\public\\index.php(19): Illuminate\\Foundation\\Application->handleRequest(Object(Illuminate\\Http\\Request))
#29 C:\\Users\\ASUS\\Desktop\\Projects\\public_html\\vendor\\laravel\\framework\\src\\Illuminate\\Foundation\\resources\\server.php(23): require_once('C:\\\\Users\\\\ASUS\\\\D...')
#30 {main}
"} 
[2026-03-25 17:15:14] local.ERROR: Target class [App\Http\Middleware\ForceHttps] does not exist. {"exception":"[object] (Illuminate\\Contracts\\Container\\BindingResolutionException(code: 0): Target class [App\\Http\\Middleware\\ForceHttps] does not exist. at C:\\Users\\ASUS\\Desktop\\Projects\\public_html\\vendor\\laravel\\framework\\src\\Illuminate\\Container\\Container.php:1019)
[stacktrace]
#0 C:\\Users\\ASUS\\Desktop\\Projects\\public_html\\vendor\\laravel\\framework\\src\\Illuminate\\Container\\Container.php(890): Illuminate\\Container\\Container->build('App\\\\Http\\\\Middle...')
#1 C:\\Users\\ASUS\\Desktop\\Projects\\public_html\\vendor\\laravel\\framework\\src\\Illuminate\\Foundation\\Application.php(1077): Illuminate\\Container\\Container->resolve('App\\\\Http\\\\Middle...', Array, true)
#2 C:\\Users\\ASUS\\Desktop\\Projects\\public_html\\vendor\\laravel\\framework\\src\\Illuminate\\Container\\Container.php(821): Illuminate\\Foundation\\Application->resolve('App\\\\Http\\\\Middle...', Array)
#3 C:\\Users\\ASUS\\Desktop\\Projects\\public_html\\vendor\\laravel\\framework\\src\\Illuminate\\Foundation\\Application.php(1057): Illuminate\\Container\\Container->make('App\\\\Http\\\\Middle...', Array)
#4 C:\\Users\\ASUS\\Desktop\\Projects\\public_html\\vendor\\laravel\\framework\\src\\Illuminate\\Foundation\\Http\\Kernel.php(257): Illuminate\\Foundation\\Application->make('App\\\\Http\\\\Middle...')
#5 C:\\Users\\ASUS\\Desktop\\Projects\\public_html\\vendor\\laravel\\framework\\src\\Illuminate\\Foundation\\Http\\Kernel.php(215): Illuminate\\Foundation\\Http\\Kernel->terminateMiddleware(Object(Illuminate\\Http\\Request), Object(Illuminate\\Http\\Response))
#6 C:\\Users\\ASUS\\Desktop\\Projects\\public_html\\vendor\\laravel\\framework\\src\\Illuminate\\Foundation\\Application.php(1221): Illuminate\\Foundation\\Http\\Kernel->terminate(Object(Illuminate\\Http\\Request), Object(Illuminate\\Http\\Response))
#7 C:\\Users\\ASUS\\Desktop\\Projects\\public_html\\public\\index.php(19): Illuminate\\Foundation\\Application->handleRequest(Object(Illuminate\\Http\\Request))
#8 C:\\Users\\ASUS\\Desktop\\Projects\\public_html\\vendor\\laravel\\framework\\src\\Illuminate\\Foundation\\resources\\server.php(23): require_once('C:\\\\Users\\\\ASUS\\\\D...')
#9 {main}

[previous exception] [object] (ReflectionException(code: -1): Class \"App\\Http\\Middleware\\ForceHttps\" does not exist at C:\\Users\\ASUS\\Desktop\\Projects\\public_html\\vendor\\laravel\\framework\\src\\Illuminate\\Container\\Container.php:1017)
[stacktrace]
#0 C:\\Users\\ASUS\\Desktop\\Projects\\public_html\\vendor\\laravel\\framework\\src\\Illuminate\\Container\\Container.php(1017): ReflectionClass->__construct('App\\\\Http\\\\Middle...')
#1 C:\\Users\\ASUS\\Desktop\\Projects\\public_html\\vendor\\laravel\\framework\\src\\Illuminate\\Container\\Container.php(890): Illuminate\\Container\\Container->build('App\\\\Http\\\\Middle...')
#2 C:\\Users\\ASUS\\Desktop\\Projects\\public_html\\vendor\\laravel\\framework\\src\\Illuminate\\Foundation\\Application.php(1077): Illuminate\\Container\\Container->resolve('App\\\\Http\\\\Middle...', Array, true)
#3 C:\\Users\\ASUS\\Desktop\\Projects\\public_html\\vendor\\laravel\\framework\\src\\Illuminate\\Container\\Container.php(821): Illuminate\\Foundation\\Application->resolve('App\\\\Http\\\\Middle...', Array)
#4 C:\\Users\\ASUS\\Desktop\\Projects\\public_html\\vendor\\laravel\\framework\\src\\Illuminate\\Foundation\\Application.php(1057): Illuminate\\Container\\Container->make('App\\\\Http\\\\Middle...', Array)
#5 C:\\Users\\ASUS\\Desktop\\Projects\\public_html\\vendor\\laravel\\framework\\src\\Illuminate\\Foundation\\Http\\Kernel.php(257): Illuminate\\Foundation\\Application->make('App\\\\Http\\\\Middle...')
#6 C:\\Users\\ASUS\\Desktop\\Projects\\public_html\\vendor\\laravel\\framework\\src\\Illuminate\\Foundation\\Http\\Kernel.php(215): Illuminate\\Foundation\\Http\\Kernel->terminateMiddleware(Object(Illuminate\\Http\\Request), Object(Illuminate\\Http\\Response))
#7 C:\\Users\\ASUS\\Desktop\\Projects\\public_html\\vendor\\laravel\\framework\\src\\Illuminate\\Foundation\\Application.php(1221): Illuminate\\Foundation\\Http\\Kernel->terminate(Object(Illuminate\\Http\\Request), Object(Illuminate\\Http\\Response))
#8 C:\\Users\\ASUS\\Desktop\\Projects\\public_html\\public\\index.php(19): Illuminate\\Foundation\\Application->handleRequest(Object(Illuminate\\Http\\Request))
#9 C:\\Users\\ASUS\\Desktop\\Projects\\public_html\\vendor\\laravel\\framework\\src\\Illuminate\\Foundation\\resources\\server.php(23): require_once('C:\\\\Users\\\\ASUS\\\\D...')
#10 {main}
"} 
[2026-03-25 17:15:21] local.ERROR: Target class [App\Http\Middleware\ForceHttps] does not exist. {"exception":"[object] (Illuminate\\Contracts\\Container\\BindingResolutionException(code: 0): Target class [App\\Http\\Middleware\\ForceHttps] does not exist. at C:\\Users\\ASUS\\Desktop\\Projects\\public_html\\vendor\\laravel\\framework\\src\\Illuminate\\Container\\Container.php:1019)
[stacktrace]
#0 C:\\Users\\ASUS\\Desktop\\Projects\\public_html\\vendor\\laravel\\framework\\src\\Illuminate\\Container\\Container.php(890): Illuminate\\Container\\Container->build('App\\\\Http\\\\Middle...')
#1 C:\\Users\\ASUS\\Desktop\\Projects\\public_html\\vendor\\laravel\\framework\\src\\Illuminate\\Foundation\\Application.php(1077): Illuminate\\Container\\Container->resolve('App\\\\Http\\\\Middle...', Array, true)
#2 C:\\Users\\ASUS\\Desktop\\Projects\\public_html\\vendor\\laravel\\framework\\src\\Illuminate\\Container\\Container.php(821): Illuminate\\Foundation\\Application->resolve('App\\\\Http\\\\Middle...', Array)
#3 C:\\Users\\ASUS\\Desktop\\Projects\\public_html\\vendor\\laravel\\framework\\src\\Illuminate\\Foundation\\Application.php(1057): Illuminate\\Container\\Container->make('App\\\\Http\\\\Middle...', Array)
#4 C:\\Users\\ASUS\\Desktop\\Projects\\public_html\\vendor\\laravel\\framework\\src\\Illuminate\\Pipeline\\Pipeline.php(197): Illuminate\\Foundation\\Application->make('App\\\\Http\\\\Middle...')
#5 C:\\Users\\ASUS\\Desktop\\Projects\\public_html\\vendor\\laravel\\framework\\src\\Illuminate\\Foundation\\Http\\Middleware\\TransformsRequest.php(21): Illuminate\\Pipeline\\Pipeline->Illuminate\\Pipeline\\{closure}(Object(Illuminate\\Http\\Request))
#6 C:\\Users\\ASUS\\Desktop\\Projects\\public_html\\vendor\\laravel\\framework\\src\\Illuminate\\Foundation\\Http\\Middleware\\ConvertEmptyStringsToNull.php(31): Illuminate\\Foundation\\Http\\Middleware\\TransformsRequest->handle(Object(Illuminate\\Http\\Request), Object(Closure))
#7 C:\\Users\\ASUS\\Desktop\\Projects\\public_html\\vendor\\laravel\\framework\\src\\Illuminate\\Pipeline\\Pipeline.php(208): Illuminate\\Foundation\\Http\\Middleware\\ConvertEmptyStringsToNull->handle(Object(Illuminate\\Http\\Request), Object(Closure))
#8 C:\\Users\\ASUS\\Desktop\\Projects\\public_html\\vendor\\laravel\\framework\\src\\Illuminate\\Foundation\\Http\\Middleware\\TransformsRequest.php(21): Illuminate\\Pipeline\\Pipeline->Illuminate\\Pipeline\\{closure}(Object(Illuminate\\Http\\Request))
#9 C:\\Users\\ASUS\\Desktop\\Projects\\public_html\\vendor\\laravel\\framework\\src\\Illuminate\\Foundation\\Http\\Middleware\\TrimStrings.php(51): Illuminate\\Foundation\\Http\\Middleware\\TransformsRequest->handle(Object(Illuminate\\Http\\Request), Object(Closure))
#10 C:\\Users\\ASUS\\Desktop\\Projects\\public_html\\vendor\\laravel\\framework\\src\\Illuminate\\Pipeline\\Pipeline.php(208): Illuminate\\Foundation\\Http\\Middleware\\TrimStrings->handle(Object(Illuminate\\Http\\Request), Object(Closure))
#11 C:\\Users\\ASUS\\Desktop\\Projects\\public_html\\vendor\\laravel\\framework\\src\\Illuminate\\Http\\Middleware\\ValidatePostSize.php(27): Illuminate\\Pipeline\\Pipeline->Illuminate\\Pipeline\\{closure}(Object(Illuminate\\Http\\Request))
#12 C:\\Users\\ASUS\\Desktop\\Projects\\public_html\\vendor\\laravel\\framework\\src\\Illuminate\\Pipeline\\Pipeline.php(208): Illuminate\\Http\\Middleware\\ValidatePostSize->handle(Object(Illuminate\\Http\\Request), Object(Closure))
#13 C:\\Users\\ASUS\\Desktop\\Projects\\public_html\\vendor\\laravel\\framework\\src\\Illuminate\\Foundation\\Http\\Middleware\\PreventRequestsDuringMaintenance.php(109): Illuminate\\Pipeline\\Pipeline->Illuminate\\Pipeline\\{closure}(Object(Illuminate\\Http\\Request))
#14 C:\\Users\\ASUS\\Desktop\\Projects\\public_html\\vendor\\laravel\\framework\\src\\Illuminate\\Pipeline\\Pipeline.php(208): Illuminate\\Foundation\\Http\\Middleware\\PreventRequestsDuringMaintenance->handle(Object(Illuminate\\Http\\Request), Object(Closure))
#15 C:\\Users\\ASUS\\Desktop\\Projects\\public_html\\vendor\\laravel\\framework\\src\\Illuminate\\Http\\Middleware\\HandleCors.php(48): Illuminate\\Pipeline\\Pipeline->Illuminate\\Pipeline\\{closure}(Object(Illuminate\\Http\\Request))
#16 C:\\Users\\ASUS\\Desktop\\Projects\\public_html\\vendor\\laravel\\framework\\src\\Illuminate\\Pipeline\\Pipeline.php(208): Illuminate\\Http\\Middleware\\HandleCors->handle(Object(Illuminate\\Http\\Request), Object(Closure))
#17 C:\\Users\\ASUS\\Desktop\\Projects\\public_html\\vendor\\laravel\\framework\\src\\Illuminate\\Http\\Middleware\\TrustProxies.php(58): Illuminate\\Pipeline\\Pipeline->Illuminate\\Pipeline\\{closure}(Object(Illuminate\\Http\\Request))
#18 C:\\Users\\ASUS\\Desktop\\Projects\\public_html\\vendor\\laravel\\framework\\src\\Illuminate\\Pipeline\\Pipeline.php(208): Illuminate\\Http\\Middleware\\TrustProxies->handle(Object(Illuminate\\Http\\Request), Object(Closure))
#19 C:\\Users\\ASUS\\Desktop\\Projects\\public_html\\vendor\\laravel\\framework\\src\\Illuminate\\Foundation\\Http\\Middleware\\InvokeDeferredCallbacks.php(22): Illuminate\\Pipeline\\Pipeline->Illuminate\\Pipeline\\{closure}(Object(Illuminate\\Http\\Request))
#20 C:\\Users\\ASUS\\Desktop\\Projects\\public_html\\vendor\\laravel\\framework\\src\\Illuminate\\Pipeline\\Pipeline.php(208): Illuminate\\Foundation\\Http\\Middleware\\InvokeDeferredCallbacks->handle(Object(Illuminate\\Http\\Request), Object(Closure))
#21 C:\\Users\\ASUS\\Desktop\\Projects\\public_html\\vendor\\laravel\\framework\\src\\Illuminate\\Http\\Middleware\\ValidatePathEncoding.php(26): Illuminate\\Pipeline\\Pipeline->Illuminate\\Pipeline\\{closure}(Object(Illuminate\\Http\\Request))
#22 C:\\Users\\ASUS\\Desktop\\Projects\\public_html\\vendor\\laravel\\framework\\src\\Illuminate\\Pipeline\\Pipeline.php(208): Illuminate\\Http\\Middleware\\ValidatePathEncoding->handle(Object(Illuminate\\Http\\Request), Object(Closure))
#23 C:\\Users\\ASUS\\Desktop\\Projects\\public_html\\vendor\\laravel\\framework\\src\\Illuminate\\Pipeline\\Pipeline.php(126): Illuminate\\Pipeline\\Pipeline->Illuminate\\Pipeline\\{closure}(Object(Illuminate\\Http\\Request))
#24 C:\\Users\\ASUS\\Desktop\\Projects\\public_html\\vendor\\laravel\\framework\\src\\Illuminate\\Foundation\\Http\\Kernel.php(175): Illuminate\\Pipeline\\Pipeline->then(Object(Closure))
#25 C:\\Users\\ASUS\\Desktop\\Projects\\public_html\\vendor\\laravel\\framework\\src\\Illuminate\\Foundation\\Http\\Kernel.php(144): Illuminate\\Foundation\\Http\\Kernel->sendRequestThroughRouter(Object(Illuminate\\Http\\Request))
#26 C:\\Users\\ASUS\\Desktop\\Projects\\public_html\\vendor\\laravel\\framework\\src\\Illuminate\\Foundation\\Application.php(1219): Illuminate\\Foundation\\Http\\Kernel->handle(Object(Illuminate\\Http\\Request))
#27 C:\\Users\\ASUS\\Desktop\\Projects\\public_html\\public\\index.php(19): Illuminate\\Foundation\\Application->handleRequest(Object(Illuminate\\Http\\Request))
#28 C:\\Users\\ASUS\\Desktop\\Projects\\public_html\\vendor\\laravel\\framework\\src\\Illuminate\\Foundation\\resources\\server.php(23): require_once('C:\\\\Users\\\\ASUS\\\\D...')
#29 {main}

[previous exception] [object] (ReflectionException(code: -1): Class \"App\\Http\\Middleware\\ForceHttps\" does not exist at C:\\Users\\ASUS\\Desktop\\Projects\\public_html\\vendor\\laravel\\framework\\src\\Illuminate\\Container\\Container.php:1017)
[stacktrace]
#0 C:\\Users\\ASUS\\Desktop\\Projects\\public_html\\vendor\\laravel\\framework\\src\\Illuminate\\Container\\Container.php(1017): ReflectionClass->__construct('App\\\\Http\\\\Middle...')
#1 C:\\Users\\ASUS\\Desktop\\Projects\\public_html\\vendor\\laravel\\framework\\src\\Illuminate\\Container\\Container.php(890): Illuminate\\Container\\Container->build('App\\\\Http\\\\Middle...')
#2 C:\\Users\\ASUS\\Desktop\\Projects\\public_html\\vendor\\laravel\\framework\\src\\Illuminate\\Foundation\\Application.php(1077): Illuminate\\Container\\Container->resolve('App\\\\Http\\\\Middle...', Array, true)
#3 C:\\Users\\ASUS\\Desktop\\Projects\\public_html\\vendor\\laravel\\framework\\src\\Illuminate\\Container\\Container.php(821): Illuminate\\Foundation\\Application->resolve('App\\\\Http\\\\Middle...', Array)
#4 C:\\Users\\ASUS\\Desktop\\Projects\\public_html\\vendor\\laravel\\framework\\src\\Illuminate\\Foundation\\Application.php(1057): Illuminate\\Container\\Container->make('App\\\\Http\\\\Middle...', Array)
#5 C:\\Users\\ASUS\\Desktop\\Projects\\public_html\\vendor\\laravel\\framework\\src\\Illuminate\\Pipeline\\Pipeline.php(197): Illuminate\\Foundation\\Application->make('App\\\\Http\\\\Middle...')
#6 C:\\Users\\ASUS\\Desktop\\Projects\\public_html\\vendor\\laravel\\framework\\src\\Illuminate\\Foundation\\Http\\Middleware\\TransformsRequest.php(21): Illuminate\\Pipeline\\Pipeline->Illuminate\\Pipeline\\{closure}(Object(Illuminate\\Http\\Request))
#7 C:\\Users\\ASUS\\Desktop\\Projects\\public_html\\vendor\\laravel\\framework\\src\\Illuminate\\Foundation\\Http\\Middleware\\ConvertEmptyStringsToNull.php(31): Illuminate\\Foundation\\Http\\Middleware\\TransformsRequest->handle(Object(Illuminate\\Http\\Request), Object(Closure))
#8 C:\\Users\\ASUS\\Desktop\\Projects\\public_html\\vendor\\laravel\\framework\\src\\Illuminate\\Pipeline\\Pipeline.php(208): Illuminate\\Foundation\\Http\\Middleware\\ConvertEmptyStringsToNull->handle(Object(Illuminate\\Http\\Request), Object(Closure))
#9 C:\\Users\\ASUS\\Desktop\\Projects\\public_html\\vendor\\laravel\\framework\\src\\Illuminate\\Foundation\\Http\\Middleware\\TransformsRequest.php(21): Illuminate\\Pipeline\\Pipeline->Illuminate\\Pipeline\\{closure}(Object(Illuminate\\Http\\Request))
#10 C:\\Users\\ASUS\\Desktop\\Projects\\public_html\\vendor\\laravel\\framework\\src\\Illuminate\\Foundation\\Http\\Middleware\\TrimStrings.php(51): Illuminate\\Foundation\\Http\\Middleware\\TransformsRequest->handle(Object(Illuminate\\Http\\Request), Object(Closure))
#11 C:\\Users\\ASUS\\Desktop\\Projects\\public_html\\vendor\\laravel\\framework\\src\\Illuminate\\Pipeline\\Pipeline.php(208): Illuminate\\Foundation\\Http\\Middleware\\TrimStrings->handle(Object(Illuminate\\Http\\Request), Object(Closure))
#12 C:\\Users\\ASUS\\Desktop\\Projects\\public_html\\vendor\\laravel\\framework\\src\\Illuminate\\Http\\Middleware\\ValidatePostSize.php(27): Illuminate\\Pipeline\\Pipeline->Illuminate\\Pipeline\\{closure}(Object(Illuminate\\Http\\Request))
#13 C:\\Users\\ASUS\\Desktop\\Projects\\public_html\\vendor\\laravel\\framework\\src\\Illuminate\\Pipeline\\Pipeline.php(208): Illuminate\\Http\\Middleware\\ValidatePostSize->handle(Object(Illuminate\\Http\\Request), Object(Closure))
#14 C:\\Users\\ASUS\\Desktop\\Projects\\public_html\\vendor\\laravel\\framework\\src\\Illuminate\\Foundation\\Http\\Middleware\\PreventRequestsDuringMaintenance.php(109): Illuminate\\Pipeline\\Pipeline->Illuminate\\Pipeline\\{closure}(Object(Illuminate\\Http\\Request))
#15 C:\\Users\\ASUS\\Desktop\\Projects\\public_html\\vendor\\laravel\\framework\\src\\Illuminate\\Pipeline\\Pipeline.php(208): Illuminate\\Foundation\\Http\\Middleware\\PreventRequestsDuringMaintenance->handle(Object(Illuminate\\Http\\Request), Object(Closure))
#16 C:\\Users\\ASUS\\Desktop\\Projects\\public_html\\vendor\\laravel\\framework\\src\\Illuminate\\Http\\Middleware\\HandleCors.php(48): Illuminate\\Pipeline\\Pipeline->Illuminate\\Pipeline\\{closure}(Object(Illuminate\\Http\\Request))
#17 C:\\Users\\ASUS\\Desktop\\Projects\\public_html\\vendor\\laravel\\framework\\src\\Illuminate\\Pipeline\\Pipeline.php(208): Illuminate\\Http\\Middleware\\HandleCors->handle(Object(Illuminate\\Http\\Request), Object(Closure))
#18 C:\\Users\\ASUS\\Desktop\\Projects\\public_html\\vendor\\laravel\\framework\\src\\Illuminate\\Http\\Middleware\\TrustProxies.php(58): Illuminate\\Pipeline\\Pipeline->Illuminate\\Pipeline\\{closure}(Object(Illuminate\\Http\\Request))
#19 C:\\Users\\ASUS\\Desktop\\Projects\\public_html\\vendor\\laravel\\framework\\src\\Illuminate\\Pipeline\\Pipeline.php(208): Illuminate\\Http\\Middleware\\TrustProxies->handle(Object(Illuminate\\Http\\Request), Object(Closure))
#20 C:\\Users\\ASUS\\Desktop\\Projects\\public_html\\vendor\\laravel\\framework\\src\\Illuminate\\Foundation\\Http\\Middleware\\InvokeDeferredCallbacks.php(22): Illuminate\\Pipeline\\Pipeline->Illuminate\\Pipeline\\{closure}(Object(Illuminate\\Http\\Request))
#21 C:\\Users\\ASUS\\Desktop\\Projects\\public_html\\vendor\\laravel\\framework\\src\\Illuminate\\Pipeline\\Pipeline.php(208): Illuminate\\Foundation\\Http\\Middleware\\InvokeDeferredCallbacks->handle(Object(Illuminate\\Http\\Request), Object(Closure))
#22 C:\\Users\\ASUS\\Desktop\\Projects\\public_html\\vendor\\laravel\\framework\\src\\Illuminate\\Http\\Middleware\\ValidatePathEncoding.php(26): Illuminate\\Pipeline\\Pipeline->Illuminate\\Pipeline\\{closure}(Object(Illuminate\\Http\\Request))
#23 C:\\Users\\ASUS\\Desktop\\Projects\\public_html\\vendor\\laravel\\framework\\src\\Illuminate\\Pipeline\\Pipeline.php(208): Illuminate\\Http\\Middleware\\ValidatePathEncoding->handle(Object(Illuminate\\Http\\Request), Object(Closure))
#24 C:\\Users\\ASUS\\Desktop\\Projects\\public_html\\vendor\\laravel\\framework\\src\\Illuminate\\Pipeline\\Pipeline.php(126): Illuminate\\Pipeline\\Pipeline->Illuminate\\Pipeline\\{closure}(Object(Illuminate\\Http\\Request))
#25 C:\\Users\\ASUS\\Desktop\\Projects\\public_html\\vendor\\laravel\\framework\\src\\Illuminate\\Foundation\\Http\\Kernel.php(175): Illuminate\\Pipeline\\Pipeline->then(Object(Closure))
#26 C:\\Users\\ASUS\\Desktop\\Projects\\public_html\\vendor\\laravel\\framework\\src\\Illuminate\\Foundation\\Http\\Kernel.php(144): Illuminate\\Foundation\\Http\\Kernel->sendRequestThroughRouter(Object(Illuminate\\Http\\Request))
#27 C:\\Users\\ASUS\\Desktop\\Projects\\public_html\\vendor\\laravel\\framework\\src\\Illuminate\\Foundation\\Application.php(1219): Illuminate\\Foundation\\Http\\Kernel->handle(Object(Illuminate\\Http\\Request))
#28 C:\\Users\\ASUS\\Desktop\\Projects\\public_html\\public\\index.php(19): Illuminate\\Foundation\\Application->handleRequest(Object(Illuminate\\Http\\Request))
#29 C:\\Users\\ASUS\\Desktop\\Projects\\public_html\\vendor\\laravel\\framework\\src\\Illuminate\\Foundation\\resources\\server.php(23): require_once('C:\\\\Users\\\\ASUS\\\\D...')
#30 {main}
"} 
[2026-03-25 17:15:21] local.ERROR: Target class [App\Http\Middleware\ForceHttps] does not exist. {"exception":"[object] (Illuminate\\Contracts\\Container\\BindingResolutionException(code: 0): Target class [App\\Http\\Middleware\\ForceHttps] does not exist. at C:\\Users\\ASUS\\Desktop\\Projects\\public_html\\vendor\\laravel\\framework\\src\\Illuminate\\Container\\Container.php:1019)
[stacktrace]
#0 C:\\Users\\ASUS\\Desktop\\Projects\\public_html\\vendor\\laravel\\framework\\src\\Illuminate\\Container\\Container.php(890): Illuminate\\Container\\Container->build('App\\\\Http\\\\Middle...')
#1 C:\\Users\\ASUS\\Desktop\\Projects\\public_html\\vendor\\laravel\\framework\\src\\Illuminate\\Foundation\\Application.php(1077): Illuminate\\Container\\Container->resolve('App\\\\Http\\\\Middle...', Array, true)
#2 C:\\Users\\ASUS\\Desktop\\Projects\\public_html\\vendor\\laravel\\framework\\src\\Illuminate\\Container\\Container.php(821): Illuminate\\Foundation\\Application->resolve('App\\\\Http\\\\Middle...', Array)
#3 C:\\Users\\ASUS\\Desktop\\Projects\\public_html\\vendor\\laravel\\framework\\src\\Illuminate\\Foundation\\Application.php(1057): Illuminate\\Container\\Container->make('App\\\\Http\\\\Middle...', Array)
#4 C:\\Users\\ASUS\\Desktop\\Projects\\public_html\\vendor\\laravel\\framework\\src\\Illuminate\\Foundation\\Http\\Kernel.php(257): Illuminate\\Foundation\\Application->make('App\\\\Http\\\\Middle...')
#5 C:\\Users\\ASUS\\Desktop\\Projects\\public_html\\vendor\\laravel\\framework\\src\\Illuminate\\Foundation\\Http\\Kernel.php(215): Illuminate\\Foundation\\Http\\Kernel->terminateMiddleware(Object(Illuminate\\Http\\Request), Object(Illuminate\\Http\\JsonResponse))
#6 C:\\Users\\ASUS\\Desktop\\Projects\\public_html\\vendor\\laravel\\framework\\src\\Illuminate\\Foundation\\Application.php(1221): Illuminate\\Foundation\\Http\\Kernel->terminate(Object(Illuminate\\Http\\Request), Object(Illuminate\\Http\\JsonResponse))
#7 C:\\Users\\ASUS\\Desktop\\Projects\\public_html\\public\\index.php(19): Illuminate\\Foundation\\Application->handleRequest(Object(Illuminate\\Http\\Request))
#8 C:\\Users\\ASUS\\Desktop\\Projects\\public_html\\vendor\\laravel\\framework\\src\\Illuminate\\Foundation\\resources\\server.php(23): require_once('C:\\\\Users\\\\ASUS\\\\D...')
#9 {main}

[previous exception] [object] (ReflectionException(code: -1): Class \"App\\Http\\Middleware\\ForceHttps\" does not exist at C:\\Users\\ASUS\\Desktop\\Projects\\public_html\\vendor\\laravel\\framework\\src\\Illuminate\\Container\\Container.php:1017)
[stacktrace]
#0 C:\\Users\\ASUS\\Desktop\\Projects\\public_html\\vendor\\laravel\\framework\\src\\Illuminate\\Container\\Container.php(1017): ReflectionClass->__construct('App\\\\Http\\\\Middle...')
#1 C:\\Users\\ASUS\\Desktop\\Projects\\public_html\\vendor\\laravel\\framework\\src\\Illuminate\\Container\\Container.php(890): Illuminate\\Container\\Container->build('App\\\\Http\\\\Middle...')
#2 C:\\Users\\ASUS\\Desktop\\Projects\\public_html\\vendor\\laravel\\framework\\src\\Illuminate\\Foundation\\Application.php(1077): Illuminate\\Container\\Container->resolve('App\\\\Http\\\\Middle...', Array, true)
#3 C:\\Users\\ASUS\\Desktop\\Projects\\public_html\\vendor\\laravel\\framework\\src\\Illuminate\\Container\\Container.php(821): Illuminate\\Foundation\\Application->resolve('App\\\\Http\\\\Middle...', Array)
#4 C:\\Users\\ASUS\\Desktop\\Projects\\public_html\\vendor\\laravel\\framework\\src\\Illuminate\\Foundation\\Application.php(1057): Illuminate\\Container\\Container->make('App\\\\Http\\\\Middle...', Array)
#5 C:\\Users\\ASUS\\Desktop\\Projects\\public_html\\vendor\\laravel\\framework\\src\\Illuminate\\Foundation\\Http\\Kernel.php(257): Illuminate\\Foundation\\Application->make('App\\\\Http\\\\Middle...')
#6 C:\\Users\\ASUS\\Desktop\\Projects\\public_html\\vendor\\laravel\\framework\\src\\Illuminate\\Foundation\\Http\\Kernel.php(215): Illuminate\\Foundation\\Http\\Kernel->terminateMiddleware(Object(Illuminate\\Http\\Request), Object(Illuminate\\Http\\JsonResponse))
#7 C:\\Users\\ASUS\\Desktop\\Projects\\public_html\\vendor\\laravel\\framework\\src\\Illuminate\\Foundation\\Application.php(1221): Illuminate\\Foundation\\Http\\Kernel->terminate(Object(Illuminate\\Http\\Request), Object(Illuminate\\Http\\JsonResponse))
#8 C:\\Users\\ASUS\\Desktop\\Projects\\public_html\\public\\index.php(19): Illuminate\\Foundation\\Application->handleRequest(Object(Illuminate\\Http\\Request))
#9 C:\\Users\\ASUS\\Desktop\\Projects\\public_html\\vendor\\laravel\\framework\\src\\Illuminate\\Foundation\\resources\\server.php(23): require_once('C:\\\\Users\\\\ASUS\\\\D...')
#10 {main}
"} 
